plan_id,dem_seats,rep_seats,dem_vote_share,rep_vote_share,dem_seat_share,proportionality_gap
1,5,9,0.4836618513336482,0.5163381486663517,0.35714285714285715,0.12651899419079105
2,5,9,0.4836618513336482,0.5163381486663517,0.35714285714285715,0.12651899419079105
3,5,9,0.4836618513336482,0.5163381486663517,0.35714285714285715,0.12651899419079105
4,6,8,0.4836618513336482,0.5163381486663517,0.42857142857142855,0.05509042276221965
5,6,8,0.4836618513336482,0.5163381486663517,0.42857142857142855,0.05509042276221965
6,6,8,0.4836618513336482,0.5163381486663517,0.42857142857142855,0.05509042276221965
7,6,8,0.4836618513336482,0.5163381486663517,0.42857142857142855,0.05509042276221965
8,6,8,0.4836618513336482,0.5163381486663517,0.42857142857142855,0.05509042276221965
9,7,7,0.4836618513336482,0.5163381486663517,0.5,0.016338148666351804
10,6,8,0.4836618513336482,0.5163381486663517,0.42857142857142855,0.05509042276221965
11,7,7,0.4836618513336482,0.5163381486663517,0.5,0.016338148666351804
12,6,8,0.4836618513336482,0.5163381486663517,0.42857142857142855,0.05509042276221965
13,6,8,0.4836618513336482,0.5163381486663517,0.42857142857142855,0.05509042276221965
14,6,8,0.4836618513336482,0.5163381486663517,0.42857142857142855,0.05509042276221965
15,6,8,0.4836618513336482,0.5163381486663517,0.42857142857142855,0.05509042276221965
16,6,8,0.4836618513336482,0.5163381486663517,0.42857142857142855,0.05509042276221965
17,6,8,0.4836618513336482,0.5163381486663517,0.42857142857142855,0.05509042276221965
18,6,8,0.4836618513336482,0.5163381486663517,0.42857142857142855,0.05509042276221965
19,6,8,0.4836618513336482,0.5163381486663517,0.42857142857142855,0.05509042276221965
20,6,8,0.4836618513336482,0.5163381486663517,0.42857142857142855,0.05509042276221965
21,6,8,0.4836618513336482,0.5163381486663517,0.42857142857142855,0.05509042276221965
22,6,8,0.4836618513336482,0.5163381486663517,0.42857142857142855,0.05509042276221965
23,6,8,0.4836618513336482,0.5163381486663517,0.42857142857142855,0.05509042276221965
24,6,8,0.4836618513336482,0.5163381486663517,0.42857142857142855,0.05509042276221965
25,6,8,0.4836618513336482,0.5163381486663517,0.42857142857142855,0.05509042276221965
26,6,8,0.4836618513336482,0.5163381486663517,0.42857142857142855,0.05509042276221965
27,6,8,0.4836618513336482,0.5163381486663517,0.42857142857142855,0.05509042276221965
28,6,8,0.4836618513336482,0.5163381486663517,0.42857142857142855,0.05509042276221965
29,6,8,0.4836618513336482,0.5163381486663517,0.42857142857142855,0.05509042276221965
30,6,8,0.4836618513336482,0.5163381486663517,0.42857142857142855,0.05509042276221965
31,6,8,0.4836618513336482,0.5163381486663517,0.42857142857142855,0.05509042276221965
32,6,8,0.4836618513336482,0.5163381486663517,0.42857142857142855,0.05509042276221965
33,6,8,0.4836618513336482,0.5163381486663517,0.42857142857142855,0.05509042276221965
34,6,8,0.4836618513336482,0.5163381486663517,0.42857142857142855,0.05509042276221965
35,6,8,0.4836618513336482,0.5163381486663517,0.42857142857142855,0.05509042276221965
36,6,8,0.4836618513336482,0.5163381486663517,0.42857142857142855,0.05509042276221965
37,6,8,0.4836618513336482,0.5163381486663517,0.42857142857142855,0.05509042276221965
38,6,8,0.4836618513336482,0.5163381486663517,0.42857142857142855,0.05509042276221965
39,6,8,0.4836618513336482,0.5163381486663517,0.42857142857142855,0.05509042276221965
40,6,8,0.4836618513336482,0.5163381486663517,0.42857142857142855,0.05509042276221965
41,6,8,0.4836618513336482,0.5163381486663517,0.42857142857142855,0.05509042276221965
42,6,8,0.4836618513336482,0.5163381486663517,0.42857142857142855,0.05509042276221965
43,6,8,0.4836618513336482,0.5163381486663517,0.42857142857142855,0.05509042276221965
44,6,8,0.4836618513336482,0.5163381486663517,0.42857142857142855,0.05509042276221965
45,6,8,0.4836618513336482,0.5163381486663517,0.42857142857142855,0.05509042276221965
46,6,8,0.4836618513336482,0.5163381486663517,0.42857142857142855,0.05509042276221965
47,6,8,0.4836618513336482,0.5163381486663517,0.42857142857142855,0.05509042276221965
48,6,8,0.4836618513336482,0.5163381486663517,0.42857142857142855,0.05509042276221965
49,6,8,0.4836618513336482,0.5163381486663517,0.42857142857142855,0.05509042276221965
50,6,8,0.4836618513336482,0.5163381486663517,0.42857142857142855,0.05509042276221965
51,6,8,0.4836618513336482,0.5163381486663517,0.42857142857142855,0.05509042276221965
52,6,8,0.4836618513336482,0.5163381486663517,0.42857142857142855,0.05509042276221965
53,6,8,0.4836618513336482,0.5163381486663517,0.42857142857142855,0.05509042276221965
54,6,8,0.4836618513336482,0.5163381486663517,0.42857142857142855,0.05509042276221965
55,6,8,0.4836618513336482,0.5163381486663517,0.42857142857142855,0.05509042276221965
56,6,8,0.4836618513336482,0.5163381486663517,0.42857142857142855,0.05509042276221965
57,6,8,0.4836618513336482,0.5163381486663517,0.42857142857142855,0.05509042276221965
58,6,8,0.4836618513336482,0.5163381486663517,0.42857142857142855,0.05509042276221965
59,6,8,0.4836618513336482,0.5163381486663517,0.42857142857142855,0.05509042276221965
60,6,8,0.4836618513336482,0.5163381486663517,0.42857142857142855,0.05509042276221965
61,6,8,0.4836618513336482,0.5163381486663517,0.42857142857142855,0.05509042276221965
62,6,8,0.4836618513336482,0.5163381486663517,0.42857142857142855,0.05509042276221965
63,6,8,0.4836618513336482,0.5163381486663517,0.42857142857142855,0.05509042276221965
64,6,8,0.4836618513336482,0.5163381486663517,0.42857142857142855,0.05509042276221965
65,6,8,0.4836618513336482,0.5163381486663517,0.42857142857142855,0.05509042276221965
66,6,8,0.4836618513336482,0.5163381486663517,0.42857142857142855,0.05509042276221965
67,6,8,0.4836618513336482,0.5163381486663517,0.42857142857142855,0.05509042276221965
68,6,8,0.4836618513336482,0.5163381486663517,0.42857142857142855,0.05509042276221965
69,6,8,0.4836618513336482,0.5163381486663517,0.42857142857142855,0.05509042276221965
70,6,8,0.4836618513336482,0.5163381486663517,0.42857142857142855,0.05509042276221965
71,6,8,0.4836618513336482,0.5163381486663517,0.42857142857142855,0.05509042276221965
72,6,8,0.4836618513336482,0.5163381486663517,0.42857142857142855,0.05509042276221965
73,6,8,0.4836618513336482,0.5163381486663517,0.42857142857142855,0.05509042276221965
74,6,8,0.4836618513336482,0.5163381486663517,0.42857142857142855,0.05509042276221965
75,6,8,0.4836618513336482,0.5163381486663517,0.42857142857142855,0.05509042276221965
76,6,8,0.4836618513336482,0.5163381486663517,0.42857142857142855,0.05509042276221965
77,6,8,0.4836618513336482,0.5163381486663517,0.42857142857142855,0.05509042276221965
78,6,8,0.4836618513336482,0.5163381486663517,0.42857142857142855,0.05509042276221965
79,6,8,0.4836618513336482,0.5163381486663517,0.42857142857142855,0.05509042276221965
80,6,8,0.4836618513336482,0.5163381486663517,0.42857142857142855,0.05509042276221965
81,6,8,0.4836618513336482,0.5163381486663517,0.42857142857142855,0.05509042276221965
82,6,8,0.4836618513336482,0.5163381486663517,0.42857142857142855,0.05509042276221965
83,5,9,0.4836618513336482,0.5163381486663517,0.35714285714285715,0.12651899419079105
84,5,9,0.4836618513336482,0.5163381486663517,0.35714285714285715,0.12651899419079105
85,5,9,0.4836618513336482,0.5163381486663517,0.35714285714285715,0.12651899419079105
86,5,9,0.4836618513336482,0.5163381486663517,0.35714285714285715,0.12651899419079105
87,5,9,0.4836618513336482,0.5163381486663517,0.35714285714285715,0.12651899419079105
88,6,8,0.4836618513336482,0.5163381486663517,0.42857142857142855,0.05509042276221965
89,6,8,0.4836618513336482,0.5163381486663517,0.42857142857142855,0.05509042276221965
90,6,8,0.4836618513336482,0.5163381486663517,0.42857142857142855,0.05509042276221965
91,6,8,0.4836618513336482,0.5163381486663517,0.42857142857142855,0.05509042276221965
92,6,8,0.4836618513336482,0.5163381486663517,0.42857142857142855,0.05509042276221965
93,6,8,0.4836618513336482,0.5163381486663517,0.42857142857142855,0.05509042276221965
94,6,8,0.4836618513336482,0.5163381486663517,0.42857142857142855,0.05509042276221965
95,6,8,0.4836618513336482,0.5163381486663517,0.42857142857142855,0.05509042276221965
96,6,8,0.4836618513336482,0.5163381486663517,0.42857142857142855,0.05509042276221965
97,6,8,0.4836618513336482,0.5163381486663517,0.42857142857142855,0.05509042276221965
98,6,8,0.4836618513336482,0.5163381486663517,0.42857142857142855,0.05509042276221965
99,6,8,0.4836618513336482,0.5163381486663517,0.42857142857142855,0.05509042276221965
100,6,8,0.4836618513336482,0.5163381486663517,0.42857142857142855,0.05509042276221965
101,6,8,0.4836618513336482,0.5163381486663517,0.42857142857142855,0.05509042276221965
102,5,9,0.4836618513336482,0.5163381486663517,0.35714285714285715,0.12651899419079105
103,6,8,0.4836618513336482,0.5163381486663517,0.42857142857142855,0.05509042276221965
104,6,8,0.4836618513336482,0.5163381486663517,0.42857142857142855,0.05509042276221965
105,6,8,0.4836618513336482,0.5163381486663517,0.42857142857142855,0.05509042276221965
106,6,8,0.4836618513336482,0.5163381486663517,0.42857142857142855,0.05509042276221965
107,6,8,0.4836618513336482,0.5163381486663517,0.42857142857142855,0.05509042276221965
108,6,8,0.4836618513336482,0.5163381486663517,0.42857142857142855,0.05509042276221965
109,6,8,0.4836618513336482,0.5163381486663517,0.42857142857142855,0.05509042276221965
110,6,8,0.4836618513336482,0.5163381486663517,0.42857142857142855,0.05509042276221965
111,6,8,0.4836618513336482,0.5163381486663517,0.42857142857142855,0.05509042276221965
112,6,8,0.4836618513336482,0.5163381486663517,0.42857142857142855,0.05509042276221965
113,5,9,0.4836618513336482,0.5163381486663517,0.35714285714285715,0.12651899419079105
114,5,9,0.4836618513336482,0.5163381486663517,0.35714285714285715,0.12651899419079105
115,5,9,0.4836618513336482,0.5163381486663517,0.35714285714285715,0.12651899419079105
116,5,9,0.4836618513336482,0.5163381486663517,0.35714285714285715,0.12651899419079105
117,5,9,0.4836618513336482,0.5163381486663517,0.35714285714285715,0.12651899419079105
118,5,9,0.4836618513336482,0.5163381486663517,0.35714285714285715,0.12651899419079105
119,5,9,0.4836618513336482,0.5163381486663517,0.35714285714285715,0.12651899419079105
120,5,9,0.4836618513336482,0.5163381486663517,0.35714285714285715,0.12651899419079105
121,5,9,0.4836618513336482,0.5163381486663517,0.35714285714285715,0.12651899419079105
122,5,9,0.4836618513336482,0.5163381486663517,0.35714285714285715,0.12651899419079105
123,6,8,0.4836618513336482,0.5163381486663517,0.42857142857142855,0.05509042276221965
124,6,8,0.4836618513336482,0.5163381486663517,0.42857142857142855,0.05509042276221965
125,6,8,0.4836618513336482,0.5163381486663517,0.42857142857142855,0.05509042276221965
126,6,8,0.4836618513336482,0.5163381486663517,0.42857142857142855,0.05509042276221965
127,7,7,0.4836618513336482,0.5163381486663517,0.5,0.016338148666351804
128,7,7,0.4836618513336482,0.5163381486663517,0.5,0.016338148666351804
129,7,7,0.4836618513336482,0.5163381486663517,0.5,0.016338148666351804
130,7,7,0.4836618513336482,0.5163381486663517,0.5,0.016338148666351804
131,6,8,0.4836618513336482,0.5163381486663517,0.42857142857142855,0.05509042276221965
132,5,9,0.4836618513336482,0.5163381486663517,0.35714285714285715,0.12651899419079105
133,5,9,0.4836618513336482,0.5163381486663517,0.35714285714285715,0.12651899419079105
134,5,9,0.4836618513336482,0.5163381486663517,0.35714285714285715,0.12651899419079105
135,5,9,0.4836618513336482,0.5163381486663517,0.35714285714285715,0.12651899419079105
136,5,9,0.4836618513336482,0.5163381486663517,0.35714285714285715,0.12651899419079105
137,6,8,0.4836618513336482,0.5163381486663517,0.42857142857142855,0.05509042276221965
138,6,8,0.4836618513336482,0.5163381486663517,0.42857142857142855,0.05509042276221965
139,6,8,0.4836618513336482,0.5163381486663517,0.42857142857142855,0.05509042276221965
140,6,8,0.4836618513336482,0.5163381486663517,0.42857142857142855,0.05509042276221965
141,6,8,0.4836618513336482,0.5163381486663517,0.42857142857142855,0.05509042276221965
142,6,8,0.4836618513336482,0.5163381486663517,0.42857142857142855,0.05509042276221965
143,6,8,0.4836618513336482,0.5163381486663517,0.42857142857142855,0.05509042276221965
144,6,8,0.4836618513336482,0.5163381486663517,0.42857142857142855,0.05509042276221965
145,6,8,0.4836618513336482,0.5163381486663517,0.42857142857142855,0.05509042276221965
146,6,8,0.4836618513336482,0.5163381486663517,0.42857142857142855,0.05509042276221965
147,6,8,0.4836618513336482,0.5163381486663517,0.42857142857142855,0.05509042276221965
148,6,8,0.4836618513336482,0.5163381486663517,0.42857142857142855,0.05509042276221965
149,6,8,0.4836618513336482,0.5163381486663517,0.42857142857142855,0.05509042276221965
150,6,8,0.4836618513336482,0.5163381486663517,0.42857142857142855,0.05509042276221965
151,6,8,0.4836618513336482,0.5163381486663517,0.42857142857142855,0.05509042276221965
152,6,8,0.4836618513336482,0.5163381486663517,0.42857142857142855,0.05509042276221965
153,6,8,0.4836618513336482,0.5163381486663517,0.42857142857142855,0.05509042276221965
154,6,8,0.4836618513336482,0.5163381486663517,0.42857142857142855,0.05509042276221965
155,6,8,0.4836618513336482,0.5163381486663517,0.42857142857142855,0.05509042276221965
156,6,8,0.4836618513336482,0.5163381486663517,0.42857142857142855,0.05509042276221965
157,6,8,0.4836618513336482,0.5163381486663517,0.42857142857142855,0.05509042276221965
158,6,8,0.4836618513336482,0.5163381486663517,0.42857142857142855,0.05509042276221965
159,6,8,0.4836618513336482,0.5163381486663517,0.42857142857142855,0.05509042276221965
160,6,8,0.4836618513336482,0.5163381486663517,0.42857142857142855,0.05509042276221965
161,6,8,0.4836618513336482,0.5163381486663517,0.42857142857142855,0.05509042276221965
162,6,8,0.4836618513336482,0.5163381486663517,0.42857142857142855,0.05509042276221965
163,6,8,0.4836618513336482,0.5163381486663517,0.42857142857142855,0.05509042276221965
164,6,8,0.4836618513336482,0.5163381486663517,0.42857142857142855,0.05509042276221965
165,6,8,0.4836618513336482,0.5163381486663517,0.42857142857142855,0.05509042276221965
166,6,8,0.4836618513336482,0.5163381486663517,0.42857142857142855,0.05509042276221965
167,6,8,0.4836618513336482,0.5163381486663517,0.42857142857142855,0.05509042276221965
168,6,8,0.4836618513336482,0.5163381486663517,0.42857142857142855,0.05509042276221965
169,5,9,0.4836618513336482,0.5163381486663517,0.35714285714285715,0.12651899419079105
170,5,9,0.4836618513336482,0.5163381486663517,0.35714285714285715,0.12651899419079105
171,5,9,0.4836618513336482,0.5163381486663517,0.35714285714285715,0.12651899419079105
172,5,9,0.4836618513336482,0.5163381486663517,0.35714285714285715,0.12651899419079105
173,5,9,0.4836618513336482,0.5163381486663517,0.35714285714285715,0.12651899419079105
174,5,9,0.4836618513336482,0.5163381486663517,0.35714285714285715,0.12651899419079105
175,6,8,0.4836618513336482,0.5163381486663517,0.42857142857142855,0.05509042276221965
176,6,8,0.4836618513336482,0.5163381486663517,0.42857142857142855,0.05509042276221965
177,6,8,0.4836618513336482,0.5163381486663517,0.42857142857142855,0.05509042276221965
178,6,8,0.4836618513336482,0.5163381486663517,0.42857142857142855,0.05509042276221965
179,6,8,0.4836618513336482,0.5163381486663517,0.42857142857142855,0.05509042276221965
180,6,8,0.4836618513336482,0.5163381486663517,0.42857142857142855,0.05509042276221965
181,6,8,0.4836618513336482,0.5163381486663517,0.42857142857142855,0.05509042276221965
182,6,8,0.4836618513336482,0.5163381486663517,0.42857142857142855,0.05509042276221965
183,6,8,0.4836618513336482,0.5163381486663517,0.42857142857142855,0.05509042276221965
184,6,8,0.4836618513336482,0.5163381486663517,0.42857142857142855,0.05509042276221965
185,6,8,0.4836618513336482,0.5163381486663517,0.42857142857142855,0.05509042276221965
186,6,8,0.4836618513336482,0.5163381486663517,0.42857142857142855,0.05509042276221965
187,6,8,0.4836618513336482,0.5163381486663517,0.42857142857142855,0.05509042276221965
188,6,8,0.4836618513336482,0.5163381486663517,0.42857142857142855,0.05509042276221965
189,6,8,0.4836618513336482,0.5163381486663517,0.42857142857142855,0.05509042276221965
190,6,8,0.4836618513336482,0.5163381486663517,0.42857142857142855,0.05509042276221965
191,6,8,0.4836618513336482,0.5163381486663517,0.42857142857142855,0.05509042276221965
192,6,8,0.4836618513336482,0.5163381486663517,0.42857142857142855,0.05509042276221965
193,6,8,0.4836618513336482,0.5163381486663517,0.42857142857142855,0.05509042276221965
194,6,8,0.4836618513336482,0.5163381486663517,0.42857142857142855,0.05509042276221965
195,6,8,0.4836618513336482,0.5163381486663517,0.42857142857142855,0.05509042276221965
196,6,8,0.4836618513336482,0.5163381486663517,0.42857142857142855,0.05509042276221965
197,6,8,0.4836618513336482,0.5163381486663517,0.42857142857142855,0.05509042276221965
198,5,9,0.4836618513336482,0.5163381486663517,0.35714285714285715,0.12651899419079105
199,5,9,0.4836618513336482,0.5163381486663517,0.35714285714285715,0.12651899419079105
200,6,8,0.4836618513336482,0.5163381486663517,0.42857142857142855,0.05509042276221965
201,6,8,0.4836618513336482,0.5163381486663517,0.42857142857142855,0.05509042276221965
202,6,8,0.4836618513336482,0.5163381486663517,0.42857142857142855,0.05509042276221965
203,6,8,0.4836618513336482,0.5163381486663517,0.42857142857142855,0.05509042276221965
204,6,8,0.4836618513336482,0.5163381486663517,0.42857142857142855,0.05509042276221965
205,6,8,0.4836618513336482,0.5163381486663517,0.42857142857142855,0.05509042276221965
206,6,8,0.4836618513336482,0.5163381486663517,0.42857142857142855,0.05509042276221965
207,6,8,0.4836618513336482,0.5163381486663517,0.42857142857142855,0.05509042276221965
208,6,8,0.4836618513336482,0.5163381486663517,0.42857142857142855,0.05509042276221965
209,6,8,0.4836618513336482,0.5163381486663517,0.42857142857142855,0.05509042276221965
210,6,8,0.4836618513336482,0.5163381486663517,0.42857142857142855,0.05509042276221965
211,6,8,0.4836618513336482,0.5163381486663517,0.42857142857142855,0.05509042276221965
212,6,8,0.4836618513336482,0.5163381486663517,0.42857142857142855,0.05509042276221965
213,6,8,0.4836618513336482,0.5163381486663517,0.42857142857142855,0.05509042276221965
214,6,8,0.4836618513336482,0.5163381486663517,0.42857142857142855,0.05509042276221965
215,6,8,0.4836618513336482,0.5163381486663517,0.42857142857142855,0.05509042276221965
216,6,8,0.4836618513336482,0.5163381486663517,0.42857142857142855,0.05509042276221965
217,6,8,0.4836618513336482,0.5163381486663517,0.42857142857142855,0.05509042276221965
218,6,8,0.4836618513336482,0.5163381486663517,0.42857142857142855,0.05509042276221965
219,6,8,0.4836618513336482,0.5163381486663517,0.42857142857142855,0.05509042276221965
220,6,8,0.4836618513336482,0.5163381486663517,0.42857142857142855,0.05509042276221965
221,6,8,0.4836618513336482,0.5163381486663517,0.42857142857142855,0.05509042276221965
222,6,8,0.4836618513336482,0.5163381486663517,0.42857142857142855,0.05509042276221965
223,6,8,0.4836618513336482,0.5163381486663517,0.42857142857142855,0.05509042276221965
224,6,8,0.4836618513336482,0.5163381486663517,0.42857142857142855,0.05509042276221965
225,6,8,0.4836618513336482,0.5163381486663517,0.42857142857142855,0.05509042276221965
226,6,8,0.4836618513336482,0.5163381486663517,0.42857142857142855,0.05509042276221965
227,6,8,0.4836618513336482,0.5163381486663517,0.42857142857142855,0.05509042276221965
228,6,8,0.4836618513336482,0.5163381486663517,0.42857142857142855,0.05509042276221965
229,6,8,0.4836618513336482,0.5163381486663517,0.42857142857142855,0.05509042276221965
230,6,8,0.4836618513336482,0.5163381486663517,0.42857142857142855,0.05509042276221965
231,6,8,0.4836618513336482,0.5163381486663517,0.42857142857142855,0.05509042276221965
232,6,8,0.4836618513336482,0.5163381486663517,0.42857142857142855,0.05509042276221965
233,6,8,0.4836618513336482,0.5163381486663517,0.42857142857142855,0.05509042276221965
234,6,8,0.4836618513336482,0.5163381486663517,0.42857142857142855,0.05509042276221965
235,6,8,0.4836618513336482,0.5163381486663517,0.42857142857142855,0.05509042276221965
236,6,8,0.4836618513336482,0.5163381486663517,0.42857142857142855,0.05509042276221965
237,6,8,0.4836618513336482,0.5163381486663517,0.42857142857142855,0.05509042276221965
238,6,8,0.4836618513336482,0.5163381486663517,0.42857142857142855,0.05509042276221965
239,6,8,0.4836618513336482,0.5163381486663517,0.42857142857142855,0.05509042276221965
240,6,8,0.4836618513336482,0.5163381486663517,0.42857142857142855,0.05509042276221965
241,6,8,0.4836618513336482,0.5163381486663517,0.42857142857142855,0.05509042276221965
242,6,8,0.4836618513336482,0.5163381486663517,0.42857142857142855,0.05509042276221965
243,6,8,0.4836618513336482,0.5163381486663517,0.42857142857142855,0.05509042276221965
244,6,8,0.4836618513336482,0.5163381486663517,0.42857142857142855,0.05509042276221965
245,6,8,0.4836618513336482,0.5163381486663517,0.42857142857142855,0.05509042276221965
246,6,8,0.4836618513336482,0.5163381486663517,0.42857142857142855,0.05509042276221965
247,6,8,0.4836618513336482,0.5163381486663517,0.42857142857142855,0.05509042276221965
248,6,8,0.4836618513336482,0.5163381486663517,0.42857142857142855,0.05509042276221965
249,6,8,0.4836618513336482,0.5163381486663517,0.42857142857142855,0.05509042276221965
250,6,8,0.4836618513336482,0.5163381486663517,0.42857142857142855,0.05509042276221965
251,6,8,0.4836618513336482,0.5163381486663517,0.42857142857142855,0.05509042276221965
252,6,8,0.4836618513336482,0.5163381486663517,0.42857142857142855,0.05509042276221965
253,6,8,0.4836618513336482,0.5163381486663517,0.42857142857142855,0.05509042276221965
254,6,8,0.4836618513336482,0.5163381486663517,0.42857142857142855,0.05509042276221965
255,5,9,0.4836618513336482,0.5163381486663517,0.35714285714285715,0.12651899419079105
256,5,9,0.4836618513336482,0.5163381486663517,0.35714285714285715,0.12651899419079105
257,5,9,0.4836618513336482,0.5163381486663517,0.35714285714285715,0.12651899419079105
258,5,9,0.4836618513336482,0.5163381486663517,0.35714285714285715,0.12651899419079105
259,5,9,0.4836618513336482,0.5163381486663517,0.35714285714285715,0.12651899419079105
260,5,9,0.4836618513336482,0.5163381486663517,0.35714285714285715,0.12651899419079105
261,5,9,0.4836618513336482,0.5163381486663517,0.35714285714285715,0.12651899419079105
262,5,9,0.4836618513336482,0.5163381486663517,0.35714285714285715,0.12651899419079105
263,5,9,0.4836618513336482,0.5163381486663517,0.35714285714285715,0.12651899419079105
264,5,9,0.4836618513336482,0.5163381486663517,0.35714285714285715,0.12651899419079105
265,5,9,0.4836618513336482,0.5163381486663517,0.35714285714285715,0.12651899419079105
266,5,9,0.4836618513336482,0.5163381486663517,0.35714285714285715,0.12651899419079105
267,5,9,0.4836618513336482,0.5163381486663517,0.35714285714285715,0.12651899419079105
268,5,9,0.4836618513336482,0.5163381486663517,0.35714285714285715,0.12651899419079105
269,5,9,0.4836618513336482,0.5163381486663517,0.35714285714285715,0.12651899419079105
270,5,9,0.4836618513336482,0.5163381486663517,0.35714285714285715,0.12651899419079105
271,5,9,0.4836618513336482,0.5163381486663517,0.35714285714285715,0.12651899419079105
272,5,9,0.4836618513336482,0.5163381486663517,0.35714285714285715,0.12651899419079105
273,5,9,0.4836618513336482,0.5163381486663517,0.35714285714285715,0.12651899419079105
274,5,9,0.4836618513336482,0.5163381486663517,0.35714285714285715,0.12651899419079105
275,5,9,0.4836618513336482,0.5163381486663517,0.35714285714285715,0.12651899419079105
276,5,9,0.4836618513336482,0.5163381486663517,0.35714285714285715,0.12651899419079105
277,6,8,0.4836618513336482,0.5163381486663517,0.42857142857142855,0.05509042276221965
278,6,8,0.4836618513336482,0.5163381486663517,0.42857142857142855,0.05509042276221965
279,6,8,0.4836618513336482,0.5163381486663517,0.42857142857142855,0.05509042276221965
280,6,8,0.4836618513336482,0.5163381486663517,0.42857142857142855,0.05509042276221965
281,6,8,0.4836618513336482,0.5163381486663517,0.42857142857142855,0.05509042276221965
282,6,8,0.4836618513336482,0.5163381486663517,0.42857142857142855,0.05509042276221965
283,6,8,0.4836618513336482,0.5163381486663517,0.42857142857142855,0.05509042276221965
284,6,8,0.4836618513336482,0.5163381486663517,0.42857142857142855,0.05509042276221965
285,6,8,0.4836618513336482,0.5163381486663517,0.42857142857142855,0.05509042276221965
286,6,8,0.4836618513336482,0.5163381486663517,0.42857142857142855,0.05509042276221965
287,6,8,0.4836618513336482,0.5163381486663517,0.42857142857142855,0.05509042276221965
288,6,8,0.4836618513336482,0.5163381486663517,0.42857142857142855,0.05509042276221965
289,6,8,0.4836618513336482,0.5163381486663517,0.42857142857142855,0.05509042276221965
290,6,8,0.4836618513336482,0.5163381486663517,0.42857142857142855,0.05509042276221965
291,6,8,0.4836618513336482,0.5163381486663517,0.42857142857142855,0.05509042276221965
292,6,8,0.4836618513336482,0.5163381486663517,0.42857142857142855,0.05509042276221965
293,6,8,0.4836618513336482,0.5163381486663517,0.42857142857142855,0.05509042276221965
294,6,8,0.4836618513336482,0.5163381486663517,0.42857142857142855,0.05509042276221965
295,6,8,0.4836618513336482,0.5163381486663517,0.42857142857142855,0.05509042276221965
296,6,8,0.4836618513336482,0.5163381486663517,0.42857142857142855,0.05509042276221965
297,6,8,0.4836618513336482,0.5163381486663517,0.42857142857142855,0.05509042276221965
298,6,8,0.4836618513336482,0.5163381486663517,0.42857142857142855,0.05509042276221965
299,6,8,0.4836618513336482,0.5163381486663517,0.42857142857142855,0.05509042276221965
300,6,8,0.4836618513336482,0.5163381486663517,0.42857142857142855,0.05509042276221965
301,6,8,0.4836618513336482,0.5163381486663517,0.42857142857142855,0.05509042276221965
302,6,8,0.4836618513336482,0.5163381486663517,0.42857142857142855,0.05509042276221965
303,6,8,0.4836618513336482,0.5163381486663517,0.42857142857142855,0.05509042276221965
304,6,8,0.4836618513336482,0.5163381486663517,0.42857142857142855,0.05509042276221965
305,5,9,0.4836618513336482,0.5163381486663517,0.35714285714285715,0.12651899419079105
306,5,9,0.4836618513336482,0.5163381486663517,0.35714285714285715,0.12651899419079105
307,5,9,0.4836618513336482,0.5163381486663517,0.35714285714285715,0.12651899419079105
308,5,9,0.4836618513336482,0.5163381486663517,0.35714285714285715,0.12651899419079105
309,5,9,0.4836618513336482,0.5163381486663517,0.35714285714285715,0.12651899419079105
310,5,9,0.4836618513336482,0.5163381486663517,0.35714285714285715,0.12651899419079105
311,5,9,0.4836618513336482,0.5163381486663517,0.35714285714285715,0.12651899419079105
312,5,9,0.4836618513336482,0.5163381486663517,0.35714285714285715,0.12651899419079105
313,6,8,0.4836618513336482,0.5163381486663517,0.42857142857142855,0.05509042276221965
314,6,8,0.4836618513336482,0.5163381486663517,0.42857142857142855,0.05509042276221965
315,6,8,0.4836618513336482,0.5163381486663517,0.42857142857142855,0.05509042276221965
316,5,9,0.4836618513336482,0.5163381486663517,0.35714285714285715,0.12651899419079105
317,5,9,0.4836618513336482,0.5163381486663517,0.35714285714285715,0.12651899419079105
318,5,9,0.4836618513336482,0.5163381486663517,0.35714285714285715,0.12651899419079105
319,5,9,0.4836618513336482,0.5163381486663517,0.35714285714285715,0.12651899419079105
320,6,8,0.4836618513336482,0.5163381486663517,0.42857142857142855,0.05509042276221965
321,7,7,0.4836618513336482,0.5163381486663517,0.5,0.016338148666351804
322,6,8,0.4836618513336482,0.5163381486663517,0.42857142857142855,0.05509042276221965
323,6,8,0.4836618513336482,0.5163381486663517,0.42857142857142855,0.05509042276221965
324,5,9,0.4836618513336482,0.5163381486663517,0.35714285714285715,0.12651899419079105
325,5,9,0.4836618513336482,0.5163381486663517,0.35714285714285715,0.12651899419079105
326,5,9,0.4836618513336482,0.5163381486663517,0.35714285714285715,0.12651899419079105
327,5,9,0.4836618513336482,0.5163381486663517,0.35714285714285715,0.12651899419079105
328,5,9,0.4836618513336482,0.5163381486663517,0.35714285714285715,0.12651899419079105
329,6,8,0.4836618513336482,0.5163381486663517,0.42857142857142855,0.05509042276221965
330,6,8,0.4836618513336482,0.5163381486663517,0.42857142857142855,0.05509042276221965
331,6,8,0.4836618513336482,0.5163381486663517,0.42857142857142855,0.05509042276221965
332,6,8,0.4836618513336482,0.5163381486663517,0.42857142857142855,0.05509042276221965
333,6,8,0.4836618513336482,0.5163381486663517,0.42857142857142855,0.05509042276221965
334,6,8,0.4836618513336482,0.5163381486663517,0.42857142857142855,0.05509042276221965
335,6,8,0.4836618513336482,0.5163381486663517,0.42857142857142855,0.05509042276221965
336,6,8,0.4836618513336482,0.5163381486663517,0.42857142857142855,0.05509042276221965
337,6,8,0.4836618513336482,0.5163381486663517,0.42857142857142855,0.05509042276221965
338,6,8,0.4836618513336482,0.5163381486663517,0.42857142857142855,0.05509042276221965
339,6,8,0.4836618513336482,0.5163381486663517,0.42857142857142855,0.05509042276221965
340,6,8,0.4836618513336482,0.5163381486663517,0.42857142857142855,0.05509042276221965
341,6,8,0.4836618513336482,0.5163381486663517,0.42857142857142855,0.05509042276221965
342,6,8,0.4836618513336482,0.5163381486663517,0.42857142857142855,0.05509042276221965
343,6,8,0.4836618513336482,0.5163381486663517,0.42857142857142855,0.05509042276221965
344,6,8,0.4836618513336482,0.5163381486663517,0.42857142857142855,0.05509042276221965
345,6,8,0.4836618513336482,0.5163381486663517,0.42857142857142855,0.05509042276221965
346,6,8,0.4836618513336482,0.5163381486663517,0.42857142857142855,0.05509042276221965
347,6,8,0.4836618513336482,0.5163381486663517,0.42857142857142855,0.05509042276221965
348,6,8,0.4836618513336482,0.5163381486663517,0.42857142857142855,0.05509042276221965
349,7,7,0.4836618513336482,0.5163381486663517,0.5,0.016338148666351804
350,7,7,0.4836618513336482,0.5163381486663517,0.5,0.016338148666351804
351,7,7,0.4836618513336482,0.5163381486663517,0.5,0.016338148666351804
352,7,7,0.4836618513336482,0.5163381486663517,0.5,0.016338148666351804
353,7,7,0.4836618513336482,0.5163381486663517,0.5,0.016338148666351804
354,6,8,0.4836618513336482,0.5163381486663517,0.42857142857142855,0.05509042276221965
355,6,8,0.4836618513336482,0.5163381486663517,0.42857142857142855,0.05509042276221965
356,6,8,0.4836618513336482,0.5163381486663517,0.42857142857142855,0.05509042276221965
357,6,8,0.4836618513336482,0.5163381486663517,0.42857142857142855,0.05509042276221965
358,6,8,0.4836618513336482,0.5163381486663517,0.42857142857142855,0.05509042276221965
359,7,7,0.4836618513336482,0.5163381486663517,0.5,0.016338148666351804
360,6,8,0.4836618513336482,0.5163381486663517,0.42857142857142855,0.05509042276221965
361,6,8,0.4836618513336482,0.5163381486663517,0.42857142857142855,0.05509042276221965
362,6,8,0.4836618513336482,0.5163381486663517,0.42857142857142855,0.05509042276221965
363,6,8,0.4836618513336482,0.5163381486663517,0.42857142857142855,0.05509042276221965
364,5,9,0.4836618513336482,0.5163381486663517,0.35714285714285715,0.12651899419079105
365,5,9,0.4836618513336482,0.5163381486663517,0.35714285714285715,0.12651899419079105
366,5,9,0.4836618513336482,0.5163381486663517,0.35714285714285715,0.12651899419079105
367,5,9,0.4836618513336482,0.5163381486663517,0.35714285714285715,0.12651899419079105
368,5,9,0.4836618513336482,0.5163381486663517,0.35714285714285715,0.12651899419079105
369,5,9,0.4836618513336482,0.5163381486663517,0.35714285714285715,0.12651899419079105
370,5,9,0.4836618513336482,0.5163381486663517,0.35714285714285715,0.12651899419079105
371,5,9,0.4836618513336482,0.5163381486663517,0.35714285714285715,0.12651899419079105
372,5,9,0.4836618513336482,0.5163381486663517,0.35714285714285715,0.12651899419079105
373,5,9,0.4836618513336482,0.5163381486663517,0.35714285714285715,0.12651899419079105
374,5,9,0.4836618513336482,0.5163381486663517,0.35714285714285715,0.12651899419079105
375,5,9,0.4836618513336482,0.5163381486663517,0.35714285714285715,0.12651899419079105
376,5,9,0.4836618513336482,0.5163381486663517,0.35714285714285715,0.12651899419079105
377,6,8,0.4836618513336482,0.5163381486663517,0.42857142857142855,0.05509042276221965
378,6,8,0.4836618513336482,0.5163381486663517,0.42857142857142855,0.05509042276221965
379,6,8,0.4836618513336482,0.5163381486663517,0.42857142857142855,0.05509042276221965
380,6,8,0.4836618513336482,0.5163381486663517,0.42857142857142855,0.05509042276221965
381,6,8,0.4836618513336482,0.5163381486663517,0.42857142857142855,0.05509042276221965
382,6,8,0.4836618513336482,0.5163381486663517,0.42857142857142855,0.05509042276221965
383,6,8,0.4836618513336482,0.5163381486663517,0.42857142857142855,0.05509042276221965
384,6,8,0.4836618513336482,0.5163381486663517,0.42857142857142855,0.05509042276221965
385,6,8,0.4836618513336482,0.5163381486663517,0.42857142857142855,0.05509042276221965
386,6,8,0.4836618513336482,0.5163381486663517,0.42857142857142855,0.05509042276221965
387,6,8,0.4836618513336482,0.5163381486663517,0.42857142857142855,0.05509042276221965
388,6,8,0.4836618513336482,0.5163381486663517,0.42857142857142855,0.05509042276221965
389,6,8,0.4836618513336482,0.5163381486663517,0.42857142857142855,0.05509042276221965
390,6,8,0.4836618513336482,0.5163381486663517,0.42857142857142855,0.05509042276221965
391,6,8,0.4836618513336482,0.5163381486663517,0.42857142857142855,0.05509042276221965
392,6,8,0.4836618513336482,0.5163381486663517,0.42857142857142855,0.05509042276221965
393,6,8,0.4836618513336482,0.5163381486663517,0.42857142857142855,0.05509042276221965
394,5,9,0.4836618513336482,0.5163381486663517,0.35714285714285715,0.12651899419079105
395,5,9,0.4836618513336482,0.5163381486663517,0.35714285714285715,0.12651899419079105
396,5,9,0.4836618513336482,0.5163381486663517,0.35714285714285715,0.12651899419079105
397,5,9,0.4836618513336482,0.5163381486663517,0.35714285714285715,0.12651899419079105
398,5,9,0.4836618513336482,0.5163381486663517,0.35714285714285715,0.12651899419079105
399,5,9,0.4836618513336482,0.5163381486663517,0.35714285714285715,0.12651899419079105
400,5,9,0.4836618513336482,0.5163381486663517,0.35714285714285715,0.12651899419079105
401,5,9,0.4836618513336482,0.5163381486663517,0.35714285714285715,0.12651899419079105
402,5,9,0.4836618513336482,0.5163381486663517,0.35714285714285715,0.12651899419079105
403,5,9,0.4836618513336482,0.5163381486663517,0.35714285714285715,0.12651899419079105
404,5,9,0.4836618513336482,0.5163381486663517,0.35714285714285715,0.12651899419079105
405,5,9,0.4836618513336482,0.5163381486663517,0.35714285714285715,0.12651899419079105
406,5,9,0.4836618513336482,0.5163381486663517,0.35714285714285715,0.12651899419079105
407,5,9,0.4836618513336482,0.5163381486663517,0.35714285714285715,0.12651899419079105
408,5,9,0.4836618513336482,0.5163381486663517,0.35714285714285715,0.12651899419079105
409,5,9,0.4836618513336482,0.5163381486663517,0.35714285714285715,0.12651899419079105
410,5,9,0.4836618513336482,0.5163381486663517,0.35714285714285715,0.12651899419079105
411,5,9,0.4836618513336482,0.5163381486663517,0.35714285714285715,0.12651899419079105
412,5,9,0.4836618513336482,0.5163381486663517,0.35714285714285715,0.12651899419079105
413,5,9,0.4836618513336482,0.5163381486663517,0.35714285714285715,0.12651899419079105
414,5,9,0.4836618513336482,0.5163381486663517,0.35714285714285715,0.12651899419079105
415,5,9,0.4836618513336482,0.5163381486663517,0.35714285714285715,0.12651899419079105
416,5,9,0.4836618513336482,0.5163381486663517,0.35714285714285715,0.12651899419079105
417,5,9,0.4836618513336482,0.5163381486663517,0.35714285714285715,0.12651899419079105
418,5,9,0.4836618513336482,0.5163381486663517,0.35714285714285715,0.12651899419079105
419,4,10,0.4836618513336482,0.5163381486663517,0.2857142857142857,0.1979475656193625
420,4,10,0.4836618513336482,0.5163381486663517,0.2857142857142857,0.1979475656193625
421,4,10,0.4836618513336482,0.5163381486663517,0.2857142857142857,0.1979475656193625
422,4,10,0.4836618513336482,0.5163381486663517,0.2857142857142857,0.1979475656193625
423,5,9,0.4836618513336482,0.5163381486663517,0.35714285714285715,0.12651899419079105
424,5,9,0.4836618513336482,0.5163381486663517,0.35714285714285715,0.12651899419079105
425,5,9,0.4836618513336482,0.5163381486663517,0.35714285714285715,0.12651899419079105
426,5,9,0.4836618513336482,0.5163381486663517,0.35714285714285715,0.12651899419079105
427,5,9,0.4836618513336482,0.5163381486663517,0.35714285714285715,0.12651899419079105
428,5,9,0.4836618513336482,0.5163381486663517,0.35714285714285715,0.12651899419079105
429,5,9,0.4836618513336482,0.5163381486663517,0.35714285714285715,0.12651899419079105
430,5,9,0.4836618513336482,0.5163381486663517,0.35714285714285715,0.12651899419079105
431,5,9,0.4836618513336482,0.5163381486663517,0.35714285714285715,0.12651899419079105
432,5,9,0.4836618513336482,0.5163381486663517,0.35714285714285715,0.12651899419079105
433,5,9,0.4836618513336482,0.5163381486663517,0.35714285714285715,0.12651899419079105
434,5,9,0.4836618513336482,0.5163381486663517,0.35714285714285715,0.12651899419079105
435,5,9,0.4836618513336482,0.5163381486663517,0.35714285714285715,0.12651899419079105
436,5,9,0.4836618513336482,0.5163381486663517,0.35714285714285715,0.12651899419079105
437,5,9,0.4836618513336482,0.5163381486663517,0.35714285714285715,0.12651899419079105
438,5,9,0.4836618513336482,0.5163381486663517,0.35714285714285715,0.12651899419079105
439,5,9,0.4836618513336482,0.5163381486663517,0.35714285714285715,0.12651899419079105
440,5,9,0.4836618513336482,0.5163381486663517,0.35714285714285715,0.12651899419079105
441,5,9,0.4836618513336482,0.5163381486663517,0.35714285714285715,0.12651899419079105
442,5,9,0.4836618513336482,0.5163381486663517,0.35714285714285715,0.12651899419079105
443,6,8,0.4836618513336482,0.5163381486663517,0.42857142857142855,0.05509042276221965
444,6,8,0.4836618513336482,0.5163381486663517,0.42857142857142855,0.05509042276221965
445,6,8,0.4836618513336482,0.5163381486663517,0.42857142857142855,0.05509042276221965
446,5,9,0.4836618513336482,0.5163381486663517,0.35714285714285715,0.12651899419079105
447,6,8,0.4836618513336482,0.5163381486663517,0.42857142857142855,0.05509042276221965
448,6,8,0.4836618513336482,0.5163381486663517,0.42857142857142855,0.05509042276221965
449,6,8,0.4836618513336482,0.5163381486663517,0.42857142857142855,0.05509042276221965
450,6,8,0.4836618513336482,0.5163381486663517,0.42857142857142855,0.05509042276221965
451,7,7,0.4836618513336482,0.5163381486663517,0.5,0.016338148666351804
452,7,7,0.4836618513336482,0.5163381486663517,0.5,0.016338148666351804
453,6,8,0.4836618513336482,0.5163381486663517,0.42857142857142855,0.05509042276221965
454,6,8,0.4836618513336482,0.5163381486663517,0.42857142857142855,0.05509042276221965
455,6,8,0.4836618513336482,0.5163381486663517,0.42857142857142855,0.05509042276221965
456,6,8,0.4836618513336482,0.5163381486663517,0.42857142857142855,0.05509042276221965
457,6,8,0.4836618513336482,0.5163381486663517,0.42857142857142855,0.05509042276221965
458,5,9,0.4836618513336482,0.5163381486663517,0.35714285714285715,0.12651899419079105
459,5,9,0.4836618513336482,0.5163381486663517,0.35714285714285715,0.12651899419079105
460,5,9,0.4836618513336482,0.5163381486663517,0.35714285714285715,0.12651899419079105
461,5,9,0.4836618513336482,0.5163381486663517,0.35714285714285715,0.12651899419079105
462,4,10,0.4836618513336482,0.5163381486663517,0.2857142857142857,0.1979475656193625
463,4,10,0.4836618513336482,0.5163381486663517,0.2857142857142857,0.1979475656193625
464,4,10,0.4836618513336482,0.5163381486663517,0.2857142857142857,0.1979475656193625
465,4,10,0.4836618513336482,0.5163381486663517,0.2857142857142857,0.1979475656193625
466,4,10,0.4836618513336482,0.5163381486663517,0.2857142857142857,0.1979475656193625
467,4,10,0.4836618513336482,0.5163381486663517,0.2857142857142857,0.1979475656193625
468,4,10,0.4836618513336482,0.5163381486663517,0.2857142857142857,0.1979475656193625
469,5,9,0.4836618513336482,0.5163381486663517,0.35714285714285715,0.12651899419079105
470,5,9,0.4836618513336482,0.5163381486663517,0.35714285714285715,0.12651899419079105
471,5,9,0.4836618513336482,0.5163381486663517,0.35714285714285715,0.12651899419079105
472,5,9,0.4836618513336482,0.5163381486663517,0.35714285714285715,0.12651899419079105
473,5,9,0.4836618513336482,0.5163381486663517,0.35714285714285715,0.12651899419079105
474,5,9,0.4836618513336482,0.5163381486663517,0.35714285714285715,0.12651899419079105
475,5,9,0.4836618513336482,0.5163381486663517,0.35714285714285715,0.12651899419079105
476,5,9,0.4836618513336482,0.5163381486663517,0.35714285714285715,0.12651899419079105
477,5,9,0.4836618513336482,0.5163381486663517,0.35714285714285715,0.12651899419079105
478,5,9,0.4836618513336482,0.5163381486663517,0.35714285714285715,0.12651899419079105
479,5,9,0.4836618513336482,0.5163381486663517,0.35714285714285715,0.12651899419079105
480,5,9,0.4836618513336482,0.5163381486663517,0.35714285714285715,0.12651899419079105
481,5,9,0.4836618513336482,0.5163381486663517,0.35714285714285715,0.12651899419079105
482,5,9,0.4836618513336482,0.5163381486663517,0.35714285714285715,0.12651899419079105
483,5,9,0.4836618513336482,0.5163381486663517,0.35714285714285715,0.12651899419079105
484,5,9,0.4836618513336482,0.5163381486663517,0.35714285714285715,0.12651899419079105
485,5,9,0.4836618513336482,0.5163381486663517,0.35714285714285715,0.12651899419079105
486,5,9,0.4836618513336482,0.5163381486663517,0.35714285714285715,0.12651899419079105
487,5,9,0.4836618513336482,0.5163381486663517,0.35714285714285715,0.12651899419079105
488,6,8,0.4836618513336482,0.5163381486663517,0.42857142857142855,0.05509042276221965
489,6,8,0.4836618513336482,0.5163381486663517,0.42857142857142855,0.05509042276221965
490,6,8,0.4836618513336482,0.5163381486663517,0.42857142857142855,0.05509042276221965
491,5,9,0.4836618513336482,0.5163381486663517,0.35714285714285715,0.12651899419079105
492,5,9,0.4836618513336482,0.5163381486663517,0.35714285714285715,0.12651899419079105
493,5,9,0.4836618513336482,0.5163381486663517,0.35714285714285715,0.12651899419079105
494,5,9,0.4836618513336482,0.5163381486663517,0.35714285714285715,0.12651899419079105
495,5,9,0.4836618513336482,0.5163381486663517,0.35714285714285715,0.12651899419079105
496,5,9,0.4836618513336482,0.5163381486663517,0.35714285714285715,0.12651899419079105
497,5,9,0.4836618513336482,0.5163381486663517,0.35714285714285715,0.12651899419079105
498,5,9,0.4836618513336482,0.5163381486663517,0.35714285714285715,0.12651899419079105
499,5,9,0.4836618513336482,0.5163381486663517,0.35714285714285715,0.12651899419079105
500,5,9,0.4836618513336482,0.5163381486663517,0.35714285714285715,0.12651899419079105
501,5,9,0.4836618513336482,0.5163381486663517,0.35714285714285715,0.12651899419079105
502,5,9,0.4836618513336482,0.5163381486663517,0.35714285714285715,0.12651899419079105
503,5,9,0.4836618513336482,0.5163381486663517,0.35714285714285715,0.12651899419079105
504,5,9,0.4836618513336482,0.5163381486663517,0.35714285714285715,0.12651899419079105
505,5,9,0.4836618513336482,0.5163381486663517,0.35714285714285715,0.12651899419079105
506,5,9,0.4836618513336482,0.5163381486663517,0.35714285714285715,0.12651899419079105
507,5,9,0.4836618513336482,0.5163381486663517,0.35714285714285715,0.12651899419079105
508,5,9,0.4836618513336482,0.5163381486663517,0.35714285714285715,0.12651899419079105
509,4,10,0.4836618513336482,0.5163381486663517,0.2857142857142857,0.1979475656193625
510,4,10,0.4836618513336482,0.5163381486663517,0.2857142857142857,0.1979475656193625
511,5,9,0.4836618513336482,0.5163381486663517,0.35714285714285715,0.12651899419079105
512,5,9,0.4836618513336482,0.5163381486663517,0.35714285714285715,0.12651899419079105
513,5,9,0.4836618513336482,0.5163381486663517,0.35714285714285715,0.12651899419079105
514,5,9,0.4836618513336482,0.5163381486663517,0.35714285714285715,0.12651899419079105
515,5,9,0.4836618513336482,0.5163381486663517,0.35714285714285715,0.12651899419079105
516,5,9,0.4836618513336482,0.5163381486663517,0.35714285714285715,0.12651899419079105
517,5,9,0.4836618513336482,0.5163381486663517,0.35714285714285715,0.12651899419079105
518,5,9,0.4836618513336482,0.5163381486663517,0.35714285714285715,0.12651899419079105
519,5,9,0.4836618513336482,0.5163381486663517,0.35714285714285715,0.12651899419079105
520,5,9,0.4836618513336482,0.5163381486663517,0.35714285714285715,0.12651899419079105
521,5,9,0.4836618513336482,0.5163381486663517,0.35714285714285715,0.12651899419079105
522,5,9,0.4836618513336482,0.5163381486663517,0.35714285714285715,0.12651899419079105
523,6,8,0.4836618513336482,0.5163381486663517,0.42857142857142855,0.05509042276221965
524,6,8,0.4836618513336482,0.5163381486663517,0.42857142857142855,0.05509042276221965
525,6,8,0.4836618513336482,0.5163381486663517,0.42857142857142855,0.05509042276221965
526,6,8,0.4836618513336482,0.5163381486663517,0.42857142857142855,0.05509042276221965
527,6,8,0.4836618513336482,0.5163381486663517,0.42857142857142855,0.05509042276221965
528,6,8,0.4836618513336482,0.5163381486663517,0.42857142857142855,0.05509042276221965
529,6,8,0.4836618513336482,0.5163381486663517,0.42857142857142855,0.05509042276221965
530,6,8,0.4836618513336482,0.5163381486663517,0.42857142857142855,0.05509042276221965
531,6,8,0.4836618513336482,0.5163381486663517,0.42857142857142855,0.05509042276221965
532,6,8,0.4836618513336482,0.5163381486663517,0.42857142857142855,0.05509042276221965
533,6,8,0.4836618513336482,0.5163381486663517,0.42857142857142855,0.05509042276221965
534,6,8,0.4836618513336482,0.5163381486663517,0.42857142857142855,0.05509042276221965
535,6,8,0.4836618513336482,0.5163381486663517,0.42857142857142855,0.05509042276221965
536,6,8,0.4836618513336482,0.5163381486663517,0.42857142857142855,0.05509042276221965
537,6,8,0.4836618513336482,0.5163381486663517,0.42857142857142855,0.05509042276221965
538,6,8,0.4836618513336482,0.5163381486663517,0.42857142857142855,0.05509042276221965
539,6,8,0.4836618513336482,0.5163381486663517,0.42857142857142855,0.05509042276221965
540,6,8,0.4836618513336482,0.5163381486663517,0.42857142857142855,0.05509042276221965
541,6,8,0.4836618513336482,0.5163381486663517,0.42857142857142855,0.05509042276221965
542,6,8,0.4836618513336482,0.5163381486663517,0.42857142857142855,0.05509042276221965
543,6,8,0.4836618513336482,0.5163381486663517,0.42857142857142855,0.05509042276221965
544,6,8,0.4836618513336482,0.5163381486663517,0.42857142857142855,0.05509042276221965
545,6,8,0.4836618513336482,0.5163381486663517,0.42857142857142855,0.05509042276221965
546,6,8,0.4836618513336482,0.5163381486663517,0.42857142857142855,0.05509042276221965
547,6,8,0.4836618513336482,0.5163381486663517,0.42857142857142855,0.05509042276221965
548,6,8,0.4836618513336482,0.5163381486663517,0.42857142857142855,0.05509042276221965
549,6,8,0.4836618513336482,0.5163381486663517,0.42857142857142855,0.05509042276221965
550,6,8,0.4836618513336482,0.5163381486663517,0.42857142857142855,0.05509042276221965
551,6,8,0.4836618513336482,0.5163381486663517,0.42857142857142855,0.05509042276221965
552,6,8,0.4836618513336482,0.5163381486663517,0.42857142857142855,0.05509042276221965
553,6,8,0.4836618513336482,0.5163381486663517,0.42857142857142855,0.05509042276221965
554,6,8,0.4836618513336482,0.5163381486663517,0.42857142857142855,0.05509042276221965
555,6,8,0.4836618513336482,0.5163381486663517,0.42857142857142855,0.05509042276221965
556,6,8,0.4836618513336482,0.5163381486663517,0.42857142857142855,0.05509042276221965
557,6,8,0.4836618513336482,0.5163381486663517,0.42857142857142855,0.05509042276221965
558,6,8,0.4836618513336482,0.5163381486663517,0.42857142857142855,0.05509042276221965
559,6,8,0.4836618513336482,0.5163381486663517,0.42857142857142855,0.05509042276221965
560,6,8,0.4836618513336482,0.5163381486663517,0.42857142857142855,0.05509042276221965
561,6,8,0.4836618513336482,0.5163381486663517,0.42857142857142855,0.05509042276221965
562,6,8,0.4836618513336482,0.5163381486663517,0.42857142857142855,0.05509042276221965
563,6,8,0.4836618513336482,0.5163381486663517,0.42857142857142855,0.05509042276221965
564,6,8,0.4836618513336482,0.5163381486663517,0.42857142857142855,0.05509042276221965
565,6,8,0.4836618513336482,0.5163381486663517,0.42857142857142855,0.05509042276221965
566,6,8,0.4836618513336482,0.5163381486663517,0.42857142857142855,0.05509042276221965
567,6,8,0.4836618513336482,0.5163381486663517,0.42857142857142855,0.05509042276221965
568,6,8,0.4836618513336482,0.5163381486663517,0.42857142857142855,0.05509042276221965
569,6,8,0.4836618513336482,0.5163381486663517,0.42857142857142855,0.05509042276221965
570,6,8,0.4836618513336482,0.5163381486663517,0.42857142857142855,0.05509042276221965
571,6,8,0.4836618513336482,0.5163381486663517,0.42857142857142855,0.05509042276221965
572,6,8,0.4836618513336482,0.5163381486663517,0.42857142857142855,0.05509042276221965
573,6,8,0.4836618513336482,0.5163381486663517,0.42857142857142855,0.05509042276221965
574,6,8,0.4836618513336482,0.5163381486663517,0.42857142857142855,0.05509042276221965
575,6,8,0.4836618513336482,0.5163381486663517,0.42857142857142855,0.05509042276221965
576,6,8,0.4836618513336482,0.5163381486663517,0.42857142857142855,0.05509042276221965
577,6,8,0.4836618513336482,0.5163381486663517,0.42857142857142855,0.05509042276221965
578,6,8,0.4836618513336482,0.5163381486663517,0.42857142857142855,0.05509042276221965
579,6,8,0.4836618513336482,0.5163381486663517,0.42857142857142855,0.05509042276221965
580,6,8,0.4836618513336482,0.5163381486663517,0.42857142857142855,0.05509042276221965
581,6,8,0.4836618513336482,0.5163381486663517,0.42857142857142855,0.05509042276221965
582,6,8,0.4836618513336482,0.5163381486663517,0.42857142857142855,0.05509042276221965
583,6,8,0.4836618513336482,0.5163381486663517,0.42857142857142855,0.05509042276221965
584,6,8,0.4836618513336482,0.5163381486663517,0.42857142857142855,0.05509042276221965
585,6,8,0.4836618513336482,0.5163381486663517,0.42857142857142855,0.05509042276221965
586,6,8,0.4836618513336482,0.5163381486663517,0.42857142857142855,0.05509042276221965
587,6,8,0.4836618513336482,0.5163381486663517,0.42857142857142855,0.05509042276221965
588,6,8,0.4836618513336482,0.5163381486663517,0.42857142857142855,0.05509042276221965
589,6,8,0.4836618513336482,0.5163381486663517,0.42857142857142855,0.05509042276221965
590,5,9,0.4836618513336482,0.5163381486663517,0.35714285714285715,0.12651899419079105
591,5,9,0.4836618513336482,0.5163381486663517,0.35714285714285715,0.12651899419079105
592,6,8,0.4836618513336482,0.5163381486663517,0.42857142857142855,0.05509042276221965
593,6,8,0.4836618513336482,0.5163381486663517,0.42857142857142855,0.05509042276221965
594,6,8,0.4836618513336482,0.5163381486663517,0.42857142857142855,0.05509042276221965
595,6,8,0.4836618513336482,0.5163381486663517,0.42857142857142855,0.05509042276221965
596,6,8,0.4836618513336482,0.5163381486663517,0.42857142857142855,0.05509042276221965
597,6,8,0.4836618513336482,0.5163381486663517,0.42857142857142855,0.05509042276221965
598,6,8,0.4836618513336482,0.5163381486663517,0.42857142857142855,0.05509042276221965
599,6,8,0.4836618513336482,0.5163381486663517,0.42857142857142855,0.05509042276221965
600,6,8,0.4836618513336482,0.5163381486663517,0.42857142857142855,0.05509042276221965
601,6,8,0.4836618513336482,0.5163381486663517,0.42857142857142855,0.05509042276221965
602,6,8,0.4836618513336482,0.5163381486663517,0.42857142857142855,0.05509042276221965
603,6,8,0.4836618513336482,0.5163381486663517,0.42857142857142855,0.05509042276221965
604,6,8,0.4836618513336482,0.5163381486663517,0.42857142857142855,0.05509042276221965
605,6,8,0.4836618513336482,0.5163381486663517,0.42857142857142855,0.05509042276221965
606,6,8,0.4836618513336482,0.5163381486663517,0.42857142857142855,0.05509042276221965
607,6,8,0.4836618513336482,0.5163381486663517,0.42857142857142855,0.05509042276221965
608,6,8,0.4836618513336482,0.5163381486663517,0.42857142857142855,0.05509042276221965
609,6,8,0.4836618513336482,0.5163381486663517,0.42857142857142855,0.05509042276221965
610,6,8,0.4836618513336482,0.5163381486663517,0.42857142857142855,0.05509042276221965
611,6,8,0.4836618513336482,0.5163381486663517,0.42857142857142855,0.05509042276221965
612,6,8,0.4836618513336482,0.5163381486663517,0.42857142857142855,0.05509042276221965
613,5,9,0.4836618513336482,0.5163381486663517,0.35714285714285715,0.12651899419079105
614,5,9,0.4836618513336482,0.5163381486663517,0.35714285714285715,0.12651899419079105
615,5,9,0.4836618513336482,0.5163381486663517,0.35714285714285715,0.12651899419079105
616,5,9,0.4836618513336482,0.5163381486663517,0.35714285714285715,0.12651899419079105
617,5,9,0.4836618513336482,0.5163381486663517,0.35714285714285715,0.12651899419079105
618,5,9,0.4836618513336482,0.5163381486663517,0.35714285714285715,0.12651899419079105
619,5,9,0.4836618513336482,0.5163381486663517,0.35714285714285715,0.12651899419079105
620,6,8,0.4836618513336482,0.5163381486663517,0.42857142857142855,0.05509042276221965
621,5,9,0.4836618513336482,0.5163381486663517,0.35714285714285715,0.12651899419079105
622,5,9,0.4836618513336482,0.5163381486663517,0.35714285714285715,0.12651899419079105
623,5,9,0.4836618513336482,0.5163381486663517,0.35714285714285715,0.12651899419079105
624,5,9,0.4836618513336482,0.5163381486663517,0.35714285714285715,0.12651899419079105
625,5,9,0.4836618513336482,0.5163381486663517,0.35714285714285715,0.12651899419079105
626,5,9,0.4836618513336482,0.5163381486663517,0.35714285714285715,0.12651899419079105
627,5,9,0.4836618513336482,0.5163381486663517,0.35714285714285715,0.12651899419079105
628,5,9,0.4836618513336482,0.5163381486663517,0.35714285714285715,0.12651899419079105
629,5,9,0.4836618513336482,0.5163381486663517,0.35714285714285715,0.12651899419079105
630,5,9,0.4836618513336482,0.5163381486663517,0.35714285714285715,0.12651899419079105
631,5,9,0.4836618513336482,0.5163381486663517,0.35714285714285715,0.12651899419079105
632,5,9,0.4836618513336482,0.5163381486663517,0.35714285714285715,0.12651899419079105
633,5,9,0.4836618513336482,0.5163381486663517,0.35714285714285715,0.12651899419079105
634,5,9,0.4836618513336482,0.5163381486663517,0.35714285714285715,0.12651899419079105
635,5,9,0.4836618513336482,0.5163381486663517,0.35714285714285715,0.12651899419079105
636,5,9,0.4836618513336482,0.5163381486663517,0.35714285714285715,0.12651899419079105
637,5,9,0.4836618513336482,0.5163381486663517,0.35714285714285715,0.12651899419079105
638,5,9,0.4836618513336482,0.5163381486663517,0.35714285714285715,0.12651899419079105
639,5,9,0.4836618513336482,0.5163381486663517,0.35714285714285715,0.12651899419079105
640,5,9,0.4836618513336482,0.5163381486663517,0.35714285714285715,0.12651899419079105
641,5,9,0.4836618513336482,0.5163381486663517,0.35714285714285715,0.12651899419079105
642,5,9,0.4836618513336482,0.5163381486663517,0.35714285714285715,0.12651899419079105
643,5,9,0.4836618513336482,0.5163381486663517,0.35714285714285715,0.12651899419079105
644,5,9,0.4836618513336482,0.5163381486663517,0.35714285714285715,0.12651899419079105
645,5,9,0.4836618513336482,0.5163381486663517,0.35714285714285715,0.12651899419079105
646,5,9,0.4836618513336482,0.5163381486663517,0.35714285714285715,0.12651899419079105
647,5,9,0.4836618513336482,0.5163381486663517,0.35714285714285715,0.12651899419079105
648,5,9,0.4836618513336482,0.5163381486663517,0.35714285714285715,0.12651899419079105
649,5,9,0.4836618513336482,0.5163381486663517,0.35714285714285715,0.12651899419079105
650,5,9,0.4836618513336482,0.5163381486663517,0.35714285714285715,0.12651899419079105
651,5,9,0.4836618513336482,0.5163381486663517,0.35714285714285715,0.12651899419079105
652,5,9,0.4836618513336482,0.5163381486663517,0.35714285714285715,0.12651899419079105
653,5,9,0.4836618513336482,0.5163381486663517,0.35714285714285715,0.12651899419079105
654,5,9,0.4836618513336482,0.5163381486663517,0.35714285714285715,0.12651899419079105
655,5,9,0.4836618513336482,0.5163381486663517,0.35714285714285715,0.12651899419079105
656,5,9,0.4836618513336482,0.5163381486663517,0.35714285714285715,0.12651899419079105
657,5,9,0.4836618513336482,0.5163381486663517,0.35714285714285715,0.12651899419079105
658,5,9,0.4836618513336482,0.5163381486663517,0.35714285714285715,0.12651899419079105
659,5,9,0.4836618513336482,0.5163381486663517,0.35714285714285715,0.12651899419079105
660,5,9,0.4836618513336482,0.5163381486663517,0.35714285714285715,0.12651899419079105
661,6,8,0.4836618513336482,0.5163381486663517,0.42857142857142855,0.05509042276221965
662,6,8,0.4836618513336482,0.5163381486663517,0.42857142857142855,0.05509042276221965
663,6,8,0.4836618513336482,0.5163381486663517,0.42857142857142855,0.05509042276221965
664,6,8,0.4836618513336482,0.5163381486663517,0.42857142857142855,0.05509042276221965
665,6,8,0.4836618513336482,0.5163381486663517,0.42857142857142855,0.05509042276221965
666,6,8,0.4836618513336482,0.5163381486663517,0.42857142857142855,0.05509042276221965
667,6,8,0.4836618513336482,0.5163381486663517,0.42857142857142855,0.05509042276221965
668,6,8,0.4836618513336482,0.5163381486663517,0.42857142857142855,0.05509042276221965
669,6,8,0.4836618513336482,0.5163381486663517,0.42857142857142855,0.05509042276221965
670,6,8,0.4836618513336482,0.5163381486663517,0.42857142857142855,0.05509042276221965
671,6,8,0.4836618513336482,0.5163381486663517,0.42857142857142855,0.05509042276221965
672,6,8,0.4836618513336482,0.5163381486663517,0.42857142857142855,0.05509042276221965
673,6,8,0.4836618513336482,0.5163381486663517,0.42857142857142855,0.05509042276221965
674,6,8,0.4836618513336482,0.5163381486663517,0.42857142857142855,0.05509042276221965
675,6,8,0.4836618513336482,0.5163381486663517,0.42857142857142855,0.05509042276221965
676,6,8,0.4836618513336482,0.5163381486663517,0.42857142857142855,0.05509042276221965
677,6,8,0.4836618513336482,0.5163381486663517,0.42857142857142855,0.05509042276221965
678,6,8,0.4836618513336482,0.5163381486663517,0.42857142857142855,0.05509042276221965
679,6,8,0.4836618513336482,0.5163381486663517,0.42857142857142855,0.05509042276221965
680,6,8,0.4836618513336482,0.5163381486663517,0.42857142857142855,0.05509042276221965
681,6,8,0.4836618513336482,0.5163381486663517,0.42857142857142855,0.05509042276221965
682,6,8,0.4836618513336482,0.5163381486663517,0.42857142857142855,0.05509042276221965
683,6,8,0.4836618513336482,0.5163381486663517,0.42857142857142855,0.05509042276221965
684,6,8,0.4836618513336482,0.5163381486663517,0.42857142857142855,0.05509042276221965
685,6,8,0.4836618513336482,0.5163381486663517,0.42857142857142855,0.05509042276221965
686,6,8,0.4836618513336482,0.5163381486663517,0.42857142857142855,0.05509042276221965
687,6,8,0.4836618513336482,0.5163381486663517,0.42857142857142855,0.05509042276221965
688,6,8,0.4836618513336482,0.5163381486663517,0.42857142857142855,0.05509042276221965
689,6,8,0.4836618513336482,0.5163381486663517,0.42857142857142855,0.05509042276221965
690,6,8,0.4836618513336482,0.5163381486663517,0.42857142857142855,0.05509042276221965
691,6,8,0.4836618513336482,0.5163381486663517,0.42857142857142855,0.05509042276221965
692,6,8,0.4836618513336482,0.5163381486663517,0.42857142857142855,0.05509042276221965
693,6,8,0.4836618513336482,0.5163381486663517,0.42857142857142855,0.05509042276221965
694,6,8,0.4836618513336482,0.5163381486663517,0.42857142857142855,0.05509042276221965
695,6,8,0.4836618513336482,0.5163381486663517,0.42857142857142855,0.05509042276221965
696,6,8,0.4836618513336482,0.5163381486663517,0.42857142857142855,0.05509042276221965
697,6,8,0.4836618513336482,0.5163381486663517,0.42857142857142855,0.05509042276221965
698,6,8,0.4836618513336482,0.5163381486663517,0.42857142857142855,0.05509042276221965
699,6,8,0.4836618513336482,0.5163381486663517,0.42857142857142855,0.05509042276221965
700,5,9,0.4836618513336482,0.5163381486663517,0.35714285714285715,0.12651899419079105
701,5,9,0.4836618513336482,0.5163381486663517,0.35714285714285715,0.12651899419079105
702,5,9,0.4836618513336482,0.5163381486663517,0.35714285714285715,0.12651899419079105
703,5,9,0.4836618513336482,0.5163381486663517,0.35714285714285715,0.12651899419079105
704,5,9,0.4836618513336482,0.5163381486663517,0.35714285714285715,0.12651899419079105
705,5,9,0.4836618513336482,0.5163381486663517,0.35714285714285715,0.12651899419079105
706,5,9,0.4836618513336482,0.5163381486663517,0.35714285714285715,0.12651899419079105
707,5,9,0.4836618513336482,0.5163381486663517,0.35714285714285715,0.12651899419079105
708,5,9,0.4836618513336482,0.5163381486663517,0.35714285714285715,0.12651899419079105
709,5,9,0.4836618513336482,0.5163381486663517,0.35714285714285715,0.12651899419079105
710,5,9,0.4836618513336482,0.5163381486663517,0.35714285714285715,0.12651899419079105
711,5,9,0.4836618513336482,0.5163381486663517,0.35714285714285715,0.12651899419079105
712,5,9,0.4836618513336482,0.5163381486663517,0.35714285714285715,0.12651899419079105
713,5,9,0.4836618513336482,0.5163381486663517,0.35714285714285715,0.12651899419079105
714,5,9,0.4836618513336482,0.5163381486663517,0.35714285714285715,0.12651899419079105
715,5,9,0.4836618513336482,0.5163381486663517,0.35714285714285715,0.12651899419079105
716,5,9,0.4836618513336482,0.5163381486663517,0.35714285714285715,0.12651899419079105
717,5,9,0.4836618513336482,0.5163381486663517,0.35714285714285715,0.12651899419079105
718,5,9,0.4836618513336482,0.5163381486663517,0.35714285714285715,0.12651899419079105
719,5,9,0.4836618513336482,0.5163381486663517,0.35714285714285715,0.12651899419079105
720,5,9,0.4836618513336482,0.5163381486663517,0.35714285714285715,0.12651899419079105
721,5,9,0.4836618513336482,0.5163381486663517,0.35714285714285715,0.12651899419079105
722,5,9,0.4836618513336482,0.5163381486663517,0.35714285714285715,0.12651899419079105
723,5,9,0.4836618513336482,0.5163381486663517,0.35714285714285715,0.12651899419079105
724,5,9,0.4836618513336482,0.5163381486663517,0.35714285714285715,0.12651899419079105
725,5,9,0.4836618513336482,0.5163381486663517,0.35714285714285715,0.12651899419079105
726,5,9,0.4836618513336482,0.5163381486663517,0.35714285714285715,0.12651899419079105
727,5,9,0.4836618513336482,0.5163381486663517,0.35714285714285715,0.12651899419079105
728,5,9,0.4836618513336482,0.5163381486663517,0.35714285714285715,0.12651899419079105
729,5,9,0.4836618513336482,0.5163381486663517,0.35714285714285715,0.12651899419079105
730,5,9,0.4836618513336482,0.5163381486663517,0.35714285714285715,0.12651899419079105
731,5,9,0.4836618513336482,0.5163381486663517,0.35714285714285715,0.12651899419079105
732,5,9,0.4836618513336482,0.5163381486663517,0.35714285714285715,0.12651899419079105
733,5,9,0.4836618513336482,0.5163381486663517,0.35714285714285715,0.12651899419079105
734,5,9,0.4836618513336482,0.5163381486663517,0.35714285714285715,0.12651899419079105
735,5,9,0.4836618513336482,0.5163381486663517,0.35714285714285715,0.12651899419079105
736,5,9,0.4836618513336482,0.5163381486663517,0.35714285714285715,0.12651899419079105
737,4,10,0.4836618513336482,0.5163381486663517,0.2857142857142857,0.1979475656193625
738,4,10,0.4836618513336482,0.5163381486663517,0.2857142857142857,0.1979475656193625
739,4,10,0.4836618513336482,0.5163381486663517,0.2857142857142857,0.1979475656193625
740,4,10,0.4836618513336482,0.5163381486663517,0.2857142857142857,0.1979475656193625
741,5,9,0.4836618513336482,0.5163381486663517,0.35714285714285715,0.12651899419079105
742,5,9,0.4836618513336482,0.5163381486663517,0.35714285714285715,0.12651899419079105
743,5,9,0.4836618513336482,0.5163381486663517,0.35714285714285715,0.12651899419079105
744,5,9,0.4836618513336482,0.5163381486663517,0.35714285714285715,0.12651899419079105
745,5,9,0.4836618513336482,0.5163381486663517,0.35714285714285715,0.12651899419079105
746,5,9,0.4836618513336482,0.5163381486663517,0.35714285714285715,0.12651899419079105
747,5,9,0.4836618513336482,0.5163381486663517,0.35714285714285715,0.12651899419079105
748,4,10,0.4836618513336482,0.5163381486663517,0.2857142857142857,0.1979475656193625
749,5,9,0.4836618513336482,0.5163381486663517,0.35714285714285715,0.12651899419079105
750,5,9,0.4836618513336482,0.5163381486663517,0.35714285714285715,0.12651899419079105
751,5,9,0.4836618513336482,0.5163381486663517,0.35714285714285715,0.12651899419079105
752,4,10,0.4836618513336482,0.5163381486663517,0.2857142857142857,0.1979475656193625
753,4,10,0.4836618513336482,0.5163381486663517,0.2857142857142857,0.1979475656193625
754,4,10,0.4836618513336482,0.5163381486663517,0.2857142857142857,0.1979475656193625
755,4,10,0.4836618513336482,0.5163381486663517,0.2857142857142857,0.1979475656193625
756,4,10,0.4836618513336482,0.5163381486663517,0.2857142857142857,0.1979475656193625
757,5,9,0.4836618513336482,0.5163381486663517,0.35714285714285715,0.12651899419079105
758,5,9,0.4836618513336482,0.5163381486663517,0.35714285714285715,0.12651899419079105
759,5,9,0.4836618513336482,0.5163381486663517,0.35714285714285715,0.12651899419079105
760,5,9,0.4836618513336482,0.5163381486663517,0.35714285714285715,0.12651899419079105
761,5,9,0.4836618513336482,0.5163381486663517,0.35714285714285715,0.12651899419079105
762,5,9,0.4836618513336482,0.5163381486663517,0.35714285714285715,0.12651899419079105
763,5,9,0.4836618513336482,0.5163381486663517,0.35714285714285715,0.12651899419079105
764,5,9,0.4836618513336482,0.5163381486663517,0.35714285714285715,0.12651899419079105
765,5,9,0.4836618513336482,0.5163381486663517,0.35714285714285715,0.12651899419079105
766,5,9,0.4836618513336482,0.5163381486663517,0.35714285714285715,0.12651899419079105
767,4,10,0.4836618513336482,0.5163381486663517,0.2857142857142857,0.1979475656193625
768,4,10,0.4836618513336482,0.5163381486663517,0.2857142857142857,0.1979475656193625
769,4,10,0.4836618513336482,0.5163381486663517,0.2857142857142857,0.1979475656193625
770,4,10,0.4836618513336482,0.5163381486663517,0.2857142857142857,0.1979475656193625
771,4,10,0.4836618513336482,0.5163381486663517,0.2857142857142857,0.1979475656193625
772,4,10,0.4836618513336482,0.5163381486663517,0.2857142857142857,0.1979475656193625
773,4,10,0.4836618513336482,0.5163381486663517,0.2857142857142857,0.1979475656193625
774,4,10,0.4836618513336482,0.5163381486663517,0.2857142857142857,0.1979475656193625
775,4,10,0.4836618513336482,0.5163381486663517,0.2857142857142857,0.1979475656193625
776,4,10,0.4836618513336482,0.5163381486663517,0.2857142857142857,0.1979475656193625
777,4,10,0.4836618513336482,0.5163381486663517,0.2857142857142857,0.1979475656193625
778,5,9,0.4836618513336482,0.5163381486663517,0.35714285714285715,0.12651899419079105
779,5,9,0.4836618513336482,0.5163381486663517,0.35714285714285715,0.12651899419079105
780,5,9,0.4836618513336482,0.5163381486663517,0.35714285714285715,0.12651899419079105
781,5,9,0.4836618513336482,0.5163381486663517,0.35714285714285715,0.12651899419079105
782,5,9,0.4836618513336482,0.5163381486663517,0.35714285714285715,0.12651899419079105
783,5,9,0.4836618513336482,0.5163381486663517,0.35714285714285715,0.12651899419079105
784,5,9,0.4836618513336482,0.5163381486663517,0.35714285714285715,0.12651899419079105
785,5,9,0.4836618513336482,0.5163381486663517,0.35714285714285715,0.12651899419079105
786,5,9,0.4836618513336482,0.5163381486663517,0.35714285714285715,0.12651899419079105
787,5,9,0.4836618513336482,0.5163381486663517,0.35714285714285715,0.12651899419079105
788,4,10,0.4836618513336482,0.5163381486663517,0.2857142857142857,0.1979475656193625
789,4,10,0.4836618513336482,0.5163381486663517,0.2857142857142857,0.1979475656193625
790,5,9,0.4836618513336482,0.5163381486663517,0.35714285714285715,0.12651899419079105
791,5,9,0.4836618513336482,0.5163381486663517,0.35714285714285715,0.12651899419079105
792,6,8,0.4836618513336482,0.5163381486663517,0.42857142857142855,0.05509042276221965
793,6,8,0.4836618513336482,0.5163381486663517,0.42857142857142855,0.05509042276221965
794,6,8,0.4836618513336482,0.5163381486663517,0.42857142857142855,0.05509042276221965
795,6,8,0.4836618513336482,0.5163381486663517,0.42857142857142855,0.05509042276221965
796,6,8,0.4836618513336482,0.5163381486663517,0.42857142857142855,0.05509042276221965
797,6,8,0.4836618513336482,0.5163381486663517,0.42857142857142855,0.05509042276221965
798,6,8,0.4836618513336482,0.5163381486663517,0.42857142857142855,0.05509042276221965
799,5,9,0.4836618513336482,0.5163381486663517,0.35714285714285715,0.12651899419079105
800,5,9,0.4836618513336482,0.5163381486663517,0.35714285714285715,0.12651899419079105
801,5,9,0.4836618513336482,0.5163381486663517,0.35714285714285715,0.12651899419079105
802,5,9,0.4836618513336482,0.5163381486663517,0.35714285714285715,0.12651899419079105
803,5,9,0.4836618513336482,0.5163381486663517,0.35714285714285715,0.12651899419079105
804,5,9,0.4836618513336482,0.5163381486663517,0.35714285714285715,0.12651899419079105
805,5,9,0.4836618513336482,0.5163381486663517,0.35714285714285715,0.12651899419079105
806,5,9,0.4836618513336482,0.5163381486663517,0.35714285714285715,0.12651899419079105
807,5,9,0.4836618513336482,0.5163381486663517,0.35714285714285715,0.12651899419079105
808,5,9,0.4836618513336482,0.5163381486663517,0.35714285714285715,0.12651899419079105
809,5,9,0.4836618513336482,0.5163381486663517,0.35714285714285715,0.12651899419079105
810,5,9,0.4836618513336482,0.5163381486663517,0.35714285714285715,0.12651899419079105
811,5,9,0.4836618513336482,0.5163381486663517,0.35714285714285715,0.12651899419079105
812,5,9,0.4836618513336482,0.5163381486663517,0.35714285714285715,0.12651899419079105
813,5,9,0.4836618513336482,0.5163381486663517,0.35714285714285715,0.12651899419079105
814,5,9,0.4836618513336482,0.5163381486663517,0.35714285714285715,0.12651899419079105
815,5,9,0.4836618513336482,0.5163381486663517,0.35714285714285715,0.12651899419079105
816,5,9,0.4836618513336482,0.5163381486663517,0.35714285714285715,0.12651899419079105
817,5,9,0.4836618513336482,0.5163381486663517,0.35714285714285715,0.12651899419079105
818,5,9,0.4836618513336482,0.5163381486663517,0.35714285714285715,0.12651899419079105
819,5,9,0.4836618513336482,0.5163381486663517,0.35714285714285715,0.12651899419079105
820,5,9,0.4836618513336482,0.5163381486663517,0.35714285714285715,0.12651899419079105
821,5,9,0.4836618513336482,0.5163381486663517,0.35714285714285715,0.12651899419079105
822,5,9,0.4836618513336482,0.5163381486663517,0.35714285714285715,0.12651899419079105
823,5,9,0.4836618513336482,0.5163381486663517,0.35714285714285715,0.12651899419079105
824,5,9,0.4836618513336482,0.5163381486663517,0.35714285714285715,0.12651899419079105
825,5,9,0.4836618513336482,0.5163381486663517,0.35714285714285715,0.12651899419079105
826,5,9,0.4836618513336482,0.5163381486663517,0.35714285714285715,0.12651899419079105
827,5,9,0.4836618513336482,0.5163381486663517,0.35714285714285715,0.12651899419079105
828,5,9,0.4836618513336482,0.5163381486663517,0.35714285714285715,0.12651899419079105
829,5,9,0.4836618513336482,0.5163381486663517,0.35714285714285715,0.12651899419079105
830,5,9,0.4836618513336482,0.5163381486663517,0.35714285714285715,0.12651899419079105
831,5,9,0.4836618513336482,0.5163381486663517,0.35714285714285715,0.12651899419079105
832,5,9,0.4836618513336482,0.5163381486663517,0.35714285714285715,0.12651899419079105
833,5,9,0.4836618513336482,0.5163381486663517,0.35714285714285715,0.12651899419079105
834,5,9,0.4836618513336482,0.5163381486663517,0.35714285714285715,0.12651899419079105
835,5,9,0.4836618513336482,0.5163381486663517,0.35714285714285715,0.12651899419079105
836,5,9,0.4836618513336482,0.5163381486663517,0.35714285714285715,0.12651899419079105
837,5,9,0.4836618513336482,0.5163381486663517,0.35714285714285715,0.12651899419079105
838,5,9,0.4836618513336482,0.5163381486663517,0.35714285714285715,0.12651899419079105
839,5,9,0.4836618513336482,0.5163381486663517,0.35714285714285715,0.12651899419079105
840,6,8,0.4836618513336482,0.5163381486663517,0.42857142857142855,0.05509042276221965
841,6,8,0.4836618513336482,0.5163381486663517,0.42857142857142855,0.05509042276221965
842,6,8,0.4836618513336482,0.5163381486663517,0.42857142857142855,0.05509042276221965
843,6,8,0.4836618513336482,0.5163381486663517,0.42857142857142855,0.05509042276221965
844,6,8,0.4836618513336482,0.5163381486663517,0.42857142857142855,0.05509042276221965
845,5,9,0.4836618513336482,0.5163381486663517,0.35714285714285715,0.12651899419079105
846,5,9,0.4836618513336482,0.5163381486663517,0.35714285714285715,0.12651899419079105
847,5,9,0.4836618513336482,0.5163381486663517,0.35714285714285715,0.12651899419079105
848,5,9,0.4836618513336482,0.5163381486663517,0.35714285714285715,0.12651899419079105
849,5,9,0.4836618513336482,0.5163381486663517,0.35714285714285715,0.12651899419079105
850,5,9,0.4836618513336482,0.5163381486663517,0.35714285714285715,0.12651899419079105
851,5,9,0.4836618513336482,0.5163381486663517,0.35714285714285715,0.12651899419079105
852,5,9,0.4836618513336482,0.5163381486663517,0.35714285714285715,0.12651899419079105
853,5,9,0.4836618513336482,0.5163381486663517,0.35714285714285715,0.12651899419079105
854,5,9,0.4836618513336482,0.5163381486663517,0.35714285714285715,0.12651899419079105
855,5,9,0.4836618513336482,0.5163381486663517,0.35714285714285715,0.12651899419079105
856,5,9,0.4836618513336482,0.5163381486663517,0.35714285714285715,0.12651899419079105
857,5,9,0.4836618513336482,0.5163381486663517,0.35714285714285715,0.12651899419079105
858,5,9,0.4836618513336482,0.5163381486663517,0.35714285714285715,0.12651899419079105
859,5,9,0.4836618513336482,0.5163381486663517,0.35714285714285715,0.12651899419079105
860,5,9,0.4836618513336482,0.5163381486663517,0.35714285714285715,0.12651899419079105
861,5,9,0.4836618513336482,0.5163381486663517,0.35714285714285715,0.12651899419079105
862,5,9,0.4836618513336482,0.5163381486663517,0.35714285714285715,0.12651899419079105
863,5,9,0.4836618513336482,0.5163381486663517,0.35714285714285715,0.12651899419079105
864,5,9,0.4836618513336482,0.5163381486663517,0.35714285714285715,0.12651899419079105
865,5,9,0.4836618513336482,0.5163381486663517,0.35714285714285715,0.12651899419079105
866,5,9,0.4836618513336482,0.5163381486663517,0.35714285714285715,0.12651899419079105
867,5,9,0.4836618513336482,0.5163381486663517,0.35714285714285715,0.12651899419079105
868,5,9,0.4836618513336482,0.5163381486663517,0.35714285714285715,0.12651899419079105
869,6,8,0.4836618513336482,0.5163381486663517,0.42857142857142855,0.05509042276221965
870,6,8,0.4836618513336482,0.5163381486663517,0.42857142857142855,0.05509042276221965
871,6,8,0.4836618513336482,0.5163381486663517,0.42857142857142855,0.05509042276221965
872,6,8,0.4836618513336482,0.5163381486663517,0.42857142857142855,0.05509042276221965
873,6,8,0.4836618513336482,0.5163381486663517,0.42857142857142855,0.05509042276221965
874,6,8,0.4836618513336482,0.5163381486663517,0.42857142857142855,0.05509042276221965
875,6,8,0.4836618513336482,0.5163381486663517,0.42857142857142855,0.05509042276221965
876,6,8,0.4836618513336482,0.5163381486663517,0.42857142857142855,0.05509042276221965
877,6,8,0.4836618513336482,0.5163381486663517,0.42857142857142855,0.05509042276221965
878,6,8,0.4836618513336482,0.5163381486663517,0.42857142857142855,0.05509042276221965
879,6,8,0.4836618513336482,0.5163381486663517,0.42857142857142855,0.05509042276221965
880,6,8,0.4836618513336482,0.5163381486663517,0.42857142857142855,0.05509042276221965
881,6,8,0.4836618513336482,0.5163381486663517,0.42857142857142855,0.05509042276221965
882,6,8,0.4836618513336482,0.5163381486663517,0.42857142857142855,0.05509042276221965
883,6,8,0.4836618513336482,0.5163381486663517,0.42857142857142855,0.05509042276221965
884,6,8,0.4836618513336482,0.5163381486663517,0.42857142857142855,0.05509042276221965
885,6,8,0.4836618513336482,0.5163381486663517,0.42857142857142855,0.05509042276221965
886,6,8,0.4836618513336482,0.5163381486663517,0.42857142857142855,0.05509042276221965
887,6,8,0.4836618513336482,0.5163381486663517,0.42857142857142855,0.05509042276221965
888,6,8,0.4836618513336482,0.5163381486663517,0.42857142857142855,0.05509042276221965
889,6,8,0.4836618513336482,0.5163381486663517,0.42857142857142855,0.05509042276221965
890,6,8,0.4836618513336482,0.5163381486663517,0.42857142857142855,0.05509042276221965
891,5,9,0.4836618513336482,0.5163381486663517,0.35714285714285715,0.12651899419079105
892,5,9,0.4836618513336482,0.5163381486663517,0.35714285714285715,0.12651899419079105
893,5,9,0.4836618513336482,0.5163381486663517,0.35714285714285715,0.12651899419079105
894,5,9,0.4836618513336482,0.5163381486663517,0.35714285714285715,0.12651899419079105
895,5,9,0.4836618513336482,0.5163381486663517,0.35714285714285715,0.12651899419079105
896,5,9,0.4836618513336482,0.5163381486663517,0.35714285714285715,0.12651899419079105
897,5,9,0.4836618513336482,0.5163381486663517,0.35714285714285715,0.12651899419079105
898,5,9,0.4836618513336482,0.5163381486663517,0.35714285714285715,0.12651899419079105
899,5,9,0.4836618513336482,0.5163381486663517,0.35714285714285715,0.12651899419079105
900,5,9,0.4836618513336482,0.5163381486663517,0.35714285714285715,0.12651899419079105
901,5,9,0.4836618513336482,0.5163381486663517,0.35714285714285715,0.12651899419079105
902,5,9,0.4836618513336482,0.5163381486663517,0.35714285714285715,0.12651899419079105
903,5,9,0.4836618513336482,0.5163381486663517,0.35714285714285715,0.12651899419079105
904,5,9,0.4836618513336482,0.5163381486663517,0.35714285714285715,0.12651899419079105
905,5,9,0.4836618513336482,0.5163381486663517,0.35714285714285715,0.12651899419079105
906,5,9,0.4836618513336482,0.5163381486663517,0.35714285714285715,0.12651899419079105
907,5,9,0.4836618513336482,0.5163381486663517,0.35714285714285715,0.12651899419079105
908,5,9,0.4836618513336482,0.5163381486663517,0.35714285714285715,0.12651899419079105
909,5,9,0.4836618513336482,0.5163381486663517,0.35714285714285715,0.12651899419079105
910,5,9,0.4836618513336482,0.5163381486663517,0.35714285714285715,0.12651899419079105
911,5,9,0.4836618513336482,0.5163381486663517,0.35714285714285715,0.12651899419079105
912,5,9,0.4836618513336482,0.5163381486663517,0.35714285714285715,0.12651899419079105
913,5,9,0.4836618513336482,0.5163381486663517,0.35714285714285715,0.12651899419079105
914,5,9,0.4836618513336482,0.5163381486663517,0.35714285714285715,0.12651899419079105
915,5,9,0.4836618513336482,0.5163381486663517,0.35714285714285715,0.12651899419079105
916,5,9,0.4836618513336482,0.5163381486663517,0.35714285714285715,0.12651899419079105
917,5,9,0.4836618513336482,0.5163381486663517,0.35714285714285715,0.12651899419079105
918,5,9,0.4836618513336482,0.5163381486663517,0.35714285714285715,0.12651899419079105
919,5,9,0.4836618513336482,0.5163381486663517,0.35714285714285715,0.12651899419079105
920,5,9,0.4836618513336482,0.5163381486663517,0.35714285714285715,0.12651899419079105
921,5,9,0.4836618513336482,0.5163381486663517,0.35714285714285715,0.12651899419079105
922,5,9,0.4836618513336482,0.5163381486663517,0.35714285714285715,0.12651899419079105
923,5,9,0.4836618513336482,0.5163381486663517,0.35714285714285715,0.12651899419079105
924,5,9,0.4836618513336482,0.5163381486663517,0.35714285714285715,0.12651899419079105
925,6,8,0.4836618513336482,0.5163381486663517,0.42857142857142855,0.05509042276221965
926,6,8,0.4836618513336482,0.5163381486663517,0.42857142857142855,0.05509042276221965
927,6,8,0.4836618513336482,0.5163381486663517,0.42857142857142855,0.05509042276221965
928,6,8,0.4836618513336482,0.5163381486663517,0.42857142857142855,0.05509042276221965
929,6,8,0.4836618513336482,0.5163381486663517,0.42857142857142855,0.05509042276221965
930,6,8,0.4836618513336482,0.5163381486663517,0.42857142857142855,0.05509042276221965
931,6,8,0.4836618513336482,0.5163381486663517,0.42857142857142855,0.05509042276221965
932,6,8,0.4836618513336482,0.5163381486663517,0.42857142857142855,0.05509042276221965
933,6,8,0.4836618513336482,0.5163381486663517,0.42857142857142855,0.05509042276221965
934,6,8,0.4836618513336482,0.5163381486663517,0.42857142857142855,0.05509042276221965
935,6,8,0.4836618513336482,0.5163381486663517,0.42857142857142855,0.05509042276221965
936,5,9,0.4836618513336482,0.5163381486663517,0.35714285714285715,0.12651899419079105
937,5,9,0.4836618513336482,0.5163381486663517,0.35714285714285715,0.12651899419079105
938,5,9,0.4836618513336482,0.5163381486663517,0.35714285714285715,0.12651899419079105
939,5,9,0.4836618513336482,0.5163381486663517,0.35714285714285715,0.12651899419079105
940,6,8,0.4836618513336482,0.5163381486663517,0.42857142857142855,0.05509042276221965
941,6,8,0.4836618513336482,0.5163381486663517,0.42857142857142855,0.05509042276221965
942,6,8,0.4836618513336482,0.5163381486663517,0.42857142857142855,0.05509042276221965
943,6,8,0.4836618513336482,0.5163381486663517,0.42857142857142855,0.05509042276221965
944,6,8,0.4836618513336482,0.5163381486663517,0.42857142857142855,0.05509042276221965
945,6,8,0.4836618513336482,0.5163381486663517,0.42857142857142855,0.05509042276221965
946,6,8,0.4836618513336482,0.5163381486663517,0.42857142857142855,0.05509042276221965
947,6,8,0.4836618513336482,0.5163381486663517,0.42857142857142855,0.05509042276221965
948,6,8,0.4836618513336482,0.5163381486663517,0.42857142857142855,0.05509042276221965
949,6,8,0.4836618513336482,0.5163381486663517,0.42857142857142855,0.05509042276221965
950,6,8,0.4836618513336482,0.5163381486663517,0.42857142857142855,0.05509042276221965
951,6,8,0.4836618513336482,0.5163381486663517,0.42857142857142855,0.05509042276221965
952,6,8,0.4836618513336482,0.5163381486663517,0.42857142857142855,0.05509042276221965
953,6,8,0.4836618513336482,0.5163381486663517,0.42857142857142855,0.05509042276221965
954,6,8,0.4836618513336482,0.5163381486663517,0.42857142857142855,0.05509042276221965
955,6,8,0.4836618513336482,0.5163381486663517,0.42857142857142855,0.05509042276221965
956,6,8,0.4836618513336482,0.5163381486663517,0.42857142857142855,0.05509042276221965
957,6,8,0.4836618513336482,0.5163381486663517,0.42857142857142855,0.05509042276221965
958,6,8,0.4836618513336482,0.5163381486663517,0.42857142857142855,0.05509042276221965
959,6,8,0.4836618513336482,0.5163381486663517,0.42857142857142855,0.05509042276221965
960,6,8,0.4836618513336482,0.5163381486663517,0.42857142857142855,0.05509042276221965
961,6,8,0.4836618513336482,0.5163381486663517,0.42857142857142855,0.05509042276221965
962,6,8,0.4836618513336482,0.5163381486663517,0.42857142857142855,0.05509042276221965
963,6,8,0.4836618513336482,0.5163381486663517,0.42857142857142855,0.05509042276221965
964,6,8,0.4836618513336482,0.5163381486663517,0.42857142857142855,0.05509042276221965
965,6,8,0.4836618513336482,0.5163381486663517,0.42857142857142855,0.05509042276221965
966,6,8,0.4836618513336482,0.5163381486663517,0.42857142857142855,0.05509042276221965
967,6,8,0.4836618513336482,0.5163381486663517,0.42857142857142855,0.05509042276221965
968,6,8,0.4836618513336482,0.5163381486663517,0.42857142857142855,0.05509042276221965
969,6,8,0.4836618513336482,0.5163381486663517,0.42857142857142855,0.05509042276221965
970,6,8,0.4836618513336482,0.5163381486663517,0.42857142857142855,0.05509042276221965
971,6,8,0.4836618513336482,0.5163381486663517,0.42857142857142855,0.05509042276221965
972,6,8,0.4836618513336482,0.5163381486663517,0.42857142857142855,0.05509042276221965
973,6,8,0.4836618513336482,0.5163381486663517,0.42857142857142855,0.05509042276221965
974,6,8,0.4836618513336482,0.5163381486663517,0.42857142857142855,0.05509042276221965
975,6,8,0.4836618513336482,0.5163381486663517,0.42857142857142855,0.05509042276221965
976,6,8,0.4836618513336482,0.5163381486663517,0.42857142857142855,0.05509042276221965
977,6,8,0.4836618513336482,0.5163381486663517,0.42857142857142855,0.05509042276221965
978,6,8,0.4836618513336482,0.5163381486663517,0.42857142857142855,0.05509042276221965
979,6,8,0.4836618513336482,0.5163381486663517,0.42857142857142855,0.05509042276221965
980,6,8,0.4836618513336482,0.5163381486663517,0.42857142857142855,0.05509042276221965
981,6,8,0.4836618513336482,0.5163381486663517,0.42857142857142855,0.05509042276221965
982,6,8,0.4836618513336482,0.5163381486663517,0.42857142857142855,0.05509042276221965
983,6,8,0.4836618513336482,0.5163381486663517,0.42857142857142855,0.05509042276221965
984,6,8,0.4836618513336482,0.5163381486663517,0.42857142857142855,0.05509042276221965
985,6,8,0.4836618513336482,0.5163381486663517,0.42857142857142855,0.05509042276221965
986,6,8,0.4836618513336482,0.5163381486663517,0.42857142857142855,0.05509042276221965
987,6,8,0.4836618513336482,0.5163381486663517,0.42857142857142855,0.05509042276221965
988,6,8,0.4836618513336482,0.5163381486663517,0.42857142857142855,0.05509042276221965
989,6,8,0.4836618513336482,0.5163381486663517,0.42857142857142855,0.05509042276221965
990,6,8,0.4836618513336482,0.5163381486663517,0.42857142857142855,0.05509042276221965
991,6,8,0.4836618513336482,0.5163381486663517,0.42857142857142855,0.05509042276221965
992,6,8,0.4836618513336482,0.5163381486663517,0.42857142857142855,0.05509042276221965
993,6,8,0.4836618513336482,0.5163381486663517,0.42857142857142855,0.05509042276221965
994,6,8,0.4836618513336482,0.5163381486663517,0.42857142857142855,0.05509042276221965
995,6,8,0.4836618513336482,0.5163381486663517,0.42857142857142855,0.05509042276221965
996,6,8,0.4836618513336482,0.5163381486663517,0.42857142857142855,0.05509042276221965
997,6,8,0.4836618513336482,0.5163381486663517,0.42857142857142855,0.05509042276221965
998,6,8,0.4836618513336482,0.5163381486663517,0.42857142857142855,0.05509042276221965
999,6,8,0.4836618513336482,0.5163381486663517,0.42857142857142855,0.05509042276221965
1000,6,8,0.4836618513336482,0.5163381486663517,0.42857142857142855,0.05509042276221965
