plan_id,total_dem_seats,total_rep_seats,dem_vote_share,rep_vote_share,seat_share_dem,proportionality_gap
1,7,7,0.4836618513336482,0.5163381486663517,0.5,0.016338148666351804
2,7,7,0.4836618513336482,0.5163381486663517,0.5,0.016338148666351804
3,7,7,0.4836618513336482,0.5163381486663517,0.5,0.016338148666351804
4,7,7,0.4836618513336482,0.5163381486663517,0.5,0.016338148666351804
5,7,7,0.4836618513336482,0.5163381486663517,0.5,0.016338148666351804
6,7,7,0.4836618513336482,0.5163381486663517,0.5,0.016338148666351804
7,7,7,0.4836618513336482,0.5163381486663517,0.5,0.016338148666351804
8,7,7,0.4836618513336482,0.5163381486663517,0.5,0.016338148666351804
9,7,7,0.4836618513336482,0.5163381486663517,0.5,0.016338148666351804
10,7,7,0.4836618513336482,0.5163381486663517,0.5,0.016338148666351804
11,6,8,0.4836618513336482,0.5163381486663517,0.42857142857142855,0.05509042276221965
12,6,8,0.4836618513336482,0.5163381486663517,0.42857142857142855,0.05509042276221965
13,7,7,0.4836618513336482,0.5163381486663517,0.5,0.016338148666351804
14,7,7,0.4836618513336482,0.5163381486663517,0.5,0.016338148666351804
15,7,7,0.4836618513336482,0.5163381486663517,0.5,0.016338148666351804
16,6,8,0.4836618513336482,0.5163381486663517,0.42857142857142855,0.05509042276221965
17,6,8,0.4836618513336482,0.5163381486663517,0.42857142857142855,0.05509042276221965
18,7,7,0.4836618513336482,0.5163381486663517,0.5,0.016338148666351804
19,6,8,0.4836618513336482,0.5163381486663517,0.42857142857142855,0.05509042276221965
20,7,7,0.4836618513336482,0.5163381486663517,0.5,0.016338148666351804
21,7,7,0.4836618513336482,0.5163381486663517,0.5,0.016338148666351804
22,7,7,0.4836618513336482,0.5163381486663517,0.5,0.016338148666351804
23,7,7,0.4836618513336482,0.5163381486663517,0.5,0.016338148666351804
24,6,8,0.4836618513336482,0.5163381486663517,0.42857142857142855,0.05509042276221965
25,7,7,0.4836618513336482,0.5163381486663517,0.5,0.016338148666351804
26,7,7,0.4836618513336482,0.5163381486663517,0.5,0.016338148666351804
27,7,7,0.4836618513336482,0.5163381486663517,0.5,0.016338148666351804
28,7,7,0.4836618513336482,0.5163381486663517,0.5,0.016338148666351804
29,7,7,0.4836618513336482,0.5163381486663517,0.5,0.016338148666351804
30,7,7,0.4836618513336482,0.5163381486663517,0.5,0.016338148666351804
31,7,7,0.4836618513336482,0.5163381486663517,0.5,0.016338148666351804
32,7,7,0.4836618513336482,0.5163381486663517,0.5,0.016338148666351804
33,7,7,0.4836618513336482,0.5163381486663517,0.5,0.016338148666351804
34,7,7,0.4836618513336482,0.5163381486663517,0.5,0.016338148666351804
35,7,7,0.4836618513336482,0.5163381486663517,0.5,0.016338148666351804
36,7,7,0.4836618513336482,0.5163381486663517,0.5,0.016338148666351804
37,7,7,0.4836618513336482,0.5163381486663517,0.5,0.016338148666351804
38,7,7,0.4836618513336482,0.5163381486663517,0.5,0.016338148666351804
39,7,7,0.4836618513336482,0.5163381486663517,0.5,0.016338148666351804
40,7,7,0.4836618513336482,0.5163381486663517,0.5,0.016338148666351804
41,7,7,0.4836618513336482,0.5163381486663517,0.5,0.016338148666351804
42,6,8,0.4836618513336482,0.5163381486663517,0.42857142857142855,0.05509042276221965
43,6,8,0.4836618513336482,0.5163381486663517,0.42857142857142855,0.05509042276221965
44,6,8,0.4836618513336482,0.5163381486663517,0.42857142857142855,0.05509042276221965
45,6,8,0.4836618513336482,0.5163381486663517,0.42857142857142855,0.05509042276221965
46,7,7,0.4836618513336482,0.5163381486663517,0.5,0.016338148666351804
47,6,8,0.4836618513336482,0.5163381486663517,0.42857142857142855,0.05509042276221965
48,7,7,0.4836618513336482,0.5163381486663517,0.5,0.016338148666351804
49,7,7,0.4836618513336482,0.5163381486663517,0.5,0.016338148666351804
50,7,7,0.4836618513336482,0.5163381486663517,0.5,0.016338148666351804
51,7,7,0.4836618513336482,0.5163381486663517,0.5,0.016338148666351804
52,7,7,0.4836618513336482,0.5163381486663517,0.5,0.016338148666351804
53,7,7,0.4836618513336482,0.5163381486663517,0.5,0.016338148666351804
54,7,7,0.4836618513336482,0.5163381486663517,0.5,0.016338148666351804
55,6,8,0.4836618513336482,0.5163381486663517,0.42857142857142855,0.05509042276221965
56,6,8,0.4836618513336482,0.5163381486663517,0.42857142857142855,0.05509042276221965
57,7,7,0.4836618513336482,0.5163381486663517,0.5,0.016338148666351804
58,7,7,0.4836618513336482,0.5163381486663517,0.5,0.016338148666351804
59,7,7,0.4836618513336482,0.5163381486663517,0.5,0.016338148666351804
60,7,7,0.4836618513336482,0.5163381486663517,0.5,0.016338148666351804
61,7,7,0.4836618513336482,0.5163381486663517,0.5,0.016338148666351804
62,6,8,0.4836618513336482,0.5163381486663517,0.42857142857142855,0.05509042276221965
63,6,8,0.4836618513336482,0.5163381486663517,0.42857142857142855,0.05509042276221965
64,6,8,0.4836618513336482,0.5163381486663517,0.42857142857142855,0.05509042276221965
65,6,8,0.4836618513336482,0.5163381486663517,0.42857142857142855,0.05509042276221965
66,6,8,0.4836618513336482,0.5163381486663517,0.42857142857142855,0.05509042276221965
67,6,8,0.4836618513336482,0.5163381486663517,0.42857142857142855,0.05509042276221965
68,6,8,0.4836618513336482,0.5163381486663517,0.42857142857142855,0.05509042276221965
69,6,8,0.4836618513336482,0.5163381486663517,0.42857142857142855,0.05509042276221965
70,7,7,0.4836618513336482,0.5163381486663517,0.5,0.016338148666351804
71,7,7,0.4836618513336482,0.5163381486663517,0.5,0.016338148666351804
72,7,7,0.4836618513336482,0.5163381486663517,0.5,0.016338148666351804
73,7,7,0.4836618513336482,0.5163381486663517,0.5,0.016338148666351804
74,7,7,0.4836618513336482,0.5163381486663517,0.5,0.016338148666351804
75,6,8,0.4836618513336482,0.5163381486663517,0.42857142857142855,0.05509042276221965
76,6,8,0.4836618513336482,0.5163381486663517,0.42857142857142855,0.05509042276221965
77,6,8,0.4836618513336482,0.5163381486663517,0.42857142857142855,0.05509042276221965
78,7,7,0.4836618513336482,0.5163381486663517,0.5,0.016338148666351804
79,6,8,0.4836618513336482,0.5163381486663517,0.42857142857142855,0.05509042276221965
80,7,7,0.4836618513336482,0.5163381486663517,0.5,0.016338148666351804
81,7,7,0.4836618513336482,0.5163381486663517,0.5,0.016338148666351804
82,7,7,0.4836618513336482,0.5163381486663517,0.5,0.016338148666351804
83,8,6,0.4836618513336482,0.5163381486663517,0.5714285714285714,0.0877667200949232
84,6,8,0.4836618513336482,0.5163381486663517,0.42857142857142855,0.05509042276221965
85,6,8,0.4836618513336482,0.5163381486663517,0.42857142857142855,0.05509042276221965
86,7,7,0.4836618513336482,0.5163381486663517,0.5,0.016338148666351804
87,7,7,0.4836618513336482,0.5163381486663517,0.5,0.016338148666351804
88,7,7,0.4836618513336482,0.5163381486663517,0.5,0.016338148666351804
89,7,7,0.4836618513336482,0.5163381486663517,0.5,0.016338148666351804
90,7,7,0.4836618513336482,0.5163381486663517,0.5,0.016338148666351804
91,6,8,0.4836618513336482,0.5163381486663517,0.42857142857142855,0.05509042276221965
92,6,8,0.4836618513336482,0.5163381486663517,0.42857142857142855,0.05509042276221965
93,7,7,0.4836618513336482,0.5163381486663517,0.5,0.016338148666351804
94,7,7,0.4836618513336482,0.5163381486663517,0.5,0.016338148666351804
95,7,7,0.4836618513336482,0.5163381486663517,0.5,0.016338148666351804
96,7,7,0.4836618513336482,0.5163381486663517,0.5,0.016338148666351804
97,7,7,0.4836618513336482,0.5163381486663517,0.5,0.016338148666351804
98,6,8,0.4836618513336482,0.5163381486663517,0.42857142857142855,0.05509042276221965
99,7,7,0.4836618513336482,0.5163381486663517,0.5,0.016338148666351804
100,7,7,0.4836618513336482,0.5163381486663517,0.5,0.016338148666351804
101,7,7,0.4836618513336482,0.5163381486663517,0.5,0.016338148666351804
102,7,7,0.4836618513336482,0.5163381486663517,0.5,0.016338148666351804
103,7,7,0.4836618513336482,0.5163381486663517,0.5,0.016338148666351804
104,6,8,0.4836618513336482,0.5163381486663517,0.42857142857142855,0.05509042276221965
105,7,7,0.4836618513336482,0.5163381486663517,0.5,0.016338148666351804
106,6,8,0.4836618513336482,0.5163381486663517,0.42857142857142855,0.05509042276221965
107,6,8,0.4836618513336482,0.5163381486663517,0.42857142857142855,0.05509042276221965
108,7,7,0.4836618513336482,0.5163381486663517,0.5,0.016338148666351804
109,7,7,0.4836618513336482,0.5163381486663517,0.5,0.016338148666351804
110,7,7,0.4836618513336482,0.5163381486663517,0.5,0.016338148666351804
111,7,7,0.4836618513336482,0.5163381486663517,0.5,0.016338148666351804
112,7,7,0.4836618513336482,0.5163381486663517,0.5,0.016338148666351804
113,6,8,0.4836618513336482,0.5163381486663517,0.42857142857142855,0.05509042276221965
114,7,7,0.4836618513336482,0.5163381486663517,0.5,0.016338148666351804
115,6,8,0.4836618513336482,0.5163381486663517,0.42857142857142855,0.05509042276221965
116,7,7,0.4836618513336482,0.5163381486663517,0.5,0.016338148666351804
117,6,8,0.4836618513336482,0.5163381486663517,0.42857142857142855,0.05509042276221965
118,7,7,0.4836618513336482,0.5163381486663517,0.5,0.016338148666351804
119,7,7,0.4836618513336482,0.5163381486663517,0.5,0.016338148666351804
120,7,7,0.4836618513336482,0.5163381486663517,0.5,0.016338148666351804
121,7,7,0.4836618513336482,0.5163381486663517,0.5,0.016338148666351804
122,7,7,0.4836618513336482,0.5163381486663517,0.5,0.016338148666351804
123,7,7,0.4836618513336482,0.5163381486663517,0.5,0.016338148666351804
124,7,7,0.4836618513336482,0.5163381486663517,0.5,0.016338148666351804
125,7,7,0.4836618513336482,0.5163381486663517,0.5,0.016338148666351804
126,6,8,0.4836618513336482,0.5163381486663517,0.42857142857142855,0.05509042276221965
127,7,7,0.4836618513336482,0.5163381486663517,0.5,0.016338148666351804
128,7,7,0.4836618513336482,0.5163381486663517,0.5,0.016338148666351804
129,7,7,0.4836618513336482,0.5163381486663517,0.5,0.016338148666351804
130,7,7,0.4836618513336482,0.5163381486663517,0.5,0.016338148666351804
131,7,7,0.4836618513336482,0.5163381486663517,0.5,0.016338148666351804
132,6,8,0.4836618513336482,0.5163381486663517,0.42857142857142855,0.05509042276221965
133,6,8,0.4836618513336482,0.5163381486663517,0.42857142857142855,0.05509042276221965
134,6,8,0.4836618513336482,0.5163381486663517,0.42857142857142855,0.05509042276221965
135,6,8,0.4836618513336482,0.5163381486663517,0.42857142857142855,0.05509042276221965
136,6,8,0.4836618513336482,0.5163381486663517,0.42857142857142855,0.05509042276221965
137,7,7,0.4836618513336482,0.5163381486663517,0.5,0.016338148666351804
138,7,7,0.4836618513336482,0.5163381486663517,0.5,0.016338148666351804
139,7,7,0.4836618513336482,0.5163381486663517,0.5,0.016338148666351804
140,7,7,0.4836618513336482,0.5163381486663517,0.5,0.016338148666351804
141,7,7,0.4836618513336482,0.5163381486663517,0.5,0.016338148666351804
142,7,7,0.4836618513336482,0.5163381486663517,0.5,0.016338148666351804
143,7,7,0.4836618513336482,0.5163381486663517,0.5,0.016338148666351804
144,6,8,0.4836618513336482,0.5163381486663517,0.42857142857142855,0.05509042276221965
145,7,7,0.4836618513336482,0.5163381486663517,0.5,0.016338148666351804
146,7,7,0.4836618513336482,0.5163381486663517,0.5,0.016338148666351804
147,7,7,0.4836618513336482,0.5163381486663517,0.5,0.016338148666351804
148,7,7,0.4836618513336482,0.5163381486663517,0.5,0.016338148666351804
149,7,7,0.4836618513336482,0.5163381486663517,0.5,0.016338148666351804
150,7,7,0.4836618513336482,0.5163381486663517,0.5,0.016338148666351804
151,7,7,0.4836618513336482,0.5163381486663517,0.5,0.016338148666351804
152,7,7,0.4836618513336482,0.5163381486663517,0.5,0.016338148666351804
153,6,8,0.4836618513336482,0.5163381486663517,0.42857142857142855,0.05509042276221965
154,7,7,0.4836618513336482,0.5163381486663517,0.5,0.016338148666351804
155,7,7,0.4836618513336482,0.5163381486663517,0.5,0.016338148666351804
156,7,7,0.4836618513336482,0.5163381486663517,0.5,0.016338148666351804
157,7,7,0.4836618513336482,0.5163381486663517,0.5,0.016338148666351804
158,7,7,0.4836618513336482,0.5163381486663517,0.5,0.016338148666351804
159,8,6,0.4836618513336482,0.5163381486663517,0.5714285714285714,0.0877667200949232
160,8,6,0.4836618513336482,0.5163381486663517,0.5714285714285714,0.0877667200949232
161,7,7,0.4836618513336482,0.5163381486663517,0.5,0.016338148666351804
162,7,7,0.4836618513336482,0.5163381486663517,0.5,0.016338148666351804
163,7,7,0.4836618513336482,0.5163381486663517,0.5,0.016338148666351804
164,7,7,0.4836618513336482,0.5163381486663517,0.5,0.016338148666351804
165,7,7,0.4836618513336482,0.5163381486663517,0.5,0.016338148666351804
166,7,7,0.4836618513336482,0.5163381486663517,0.5,0.016338148666351804
167,6,8,0.4836618513336482,0.5163381486663517,0.42857142857142855,0.05509042276221965
168,7,7,0.4836618513336482,0.5163381486663517,0.5,0.016338148666351804
169,6,8,0.4836618513336482,0.5163381486663517,0.42857142857142855,0.05509042276221965
170,6,8,0.4836618513336482,0.5163381486663517,0.42857142857142855,0.05509042276221965
171,7,7,0.4836618513336482,0.5163381486663517,0.5,0.016338148666351804
172,7,7,0.4836618513336482,0.5163381486663517,0.5,0.016338148666351804
173,7,7,0.4836618513336482,0.5163381486663517,0.5,0.016338148666351804
174,7,7,0.4836618513336482,0.5163381486663517,0.5,0.016338148666351804
175,7,7,0.4836618513336482,0.5163381486663517,0.5,0.016338148666351804
176,7,7,0.4836618513336482,0.5163381486663517,0.5,0.016338148666351804
177,7,7,0.4836618513336482,0.5163381486663517,0.5,0.016338148666351804
178,6,8,0.4836618513336482,0.5163381486663517,0.42857142857142855,0.05509042276221965
179,7,7,0.4836618513336482,0.5163381486663517,0.5,0.016338148666351804
180,7,7,0.4836618513336482,0.5163381486663517,0.5,0.016338148666351804
181,7,7,0.4836618513336482,0.5163381486663517,0.5,0.016338148666351804
182,6,8,0.4836618513336482,0.5163381486663517,0.42857142857142855,0.05509042276221965
183,6,8,0.4836618513336482,0.5163381486663517,0.42857142857142855,0.05509042276221965
184,7,7,0.4836618513336482,0.5163381486663517,0.5,0.016338148666351804
185,6,8,0.4836618513336482,0.5163381486663517,0.42857142857142855,0.05509042276221965
186,8,6,0.4836618513336482,0.5163381486663517,0.5714285714285714,0.0877667200949232
187,6,8,0.4836618513336482,0.5163381486663517,0.42857142857142855,0.05509042276221965
188,6,8,0.4836618513336482,0.5163381486663517,0.42857142857142855,0.05509042276221965
189,6,8,0.4836618513336482,0.5163381486663517,0.42857142857142855,0.05509042276221965
190,6,8,0.4836618513336482,0.5163381486663517,0.42857142857142855,0.05509042276221965
191,7,7,0.4836618513336482,0.5163381486663517,0.5,0.016338148666351804
192,7,7,0.4836618513336482,0.5163381486663517,0.5,0.016338148666351804
193,7,7,0.4836618513336482,0.5163381486663517,0.5,0.016338148666351804
194,7,7,0.4836618513336482,0.5163381486663517,0.5,0.016338148666351804
195,7,7,0.4836618513336482,0.5163381486663517,0.5,0.016338148666351804
196,7,7,0.4836618513336482,0.5163381486663517,0.5,0.016338148666351804
197,7,7,0.4836618513336482,0.5163381486663517,0.5,0.016338148666351804
198,7,7,0.4836618513336482,0.5163381486663517,0.5,0.016338148666351804
199,7,7,0.4836618513336482,0.5163381486663517,0.5,0.016338148666351804
200,7,7,0.4836618513336482,0.5163381486663517,0.5,0.016338148666351804
201,6,8,0.4836618513336482,0.5163381486663517,0.42857142857142855,0.05509042276221965
202,6,8,0.4836618513336482,0.5163381486663517,0.42857142857142855,0.05509042276221965
203,8,6,0.4836618513336482,0.5163381486663517,0.5714285714285714,0.0877667200949232
204,7,7,0.4836618513336482,0.5163381486663517,0.5,0.016338148666351804
205,7,7,0.4836618513336482,0.5163381486663517,0.5,0.016338148666351804
206,7,7,0.4836618513336482,0.5163381486663517,0.5,0.016338148666351804
207,7,7,0.4836618513336482,0.5163381486663517,0.5,0.016338148666351804
208,6,8,0.4836618513336482,0.5163381486663517,0.42857142857142855,0.05509042276221965
209,7,7,0.4836618513336482,0.5163381486663517,0.5,0.016338148666351804
210,6,8,0.4836618513336482,0.5163381486663517,0.42857142857142855,0.05509042276221965
211,6,8,0.4836618513336482,0.5163381486663517,0.42857142857142855,0.05509042276221965
212,7,7,0.4836618513336482,0.5163381486663517,0.5,0.016338148666351804
213,7,7,0.4836618513336482,0.5163381486663517,0.5,0.016338148666351804
214,7,7,0.4836618513336482,0.5163381486663517,0.5,0.016338148666351804
215,6,8,0.4836618513336482,0.5163381486663517,0.42857142857142855,0.05509042276221965
216,6,8,0.4836618513336482,0.5163381486663517,0.42857142857142855,0.05509042276221965
217,7,7,0.4836618513336482,0.5163381486663517,0.5,0.016338148666351804
218,7,7,0.4836618513336482,0.5163381486663517,0.5,0.016338148666351804
219,7,7,0.4836618513336482,0.5163381486663517,0.5,0.016338148666351804
220,6,8,0.4836618513336482,0.5163381486663517,0.42857142857142855,0.05509042276221965
221,6,8,0.4836618513336482,0.5163381486663517,0.42857142857142855,0.05509042276221965
222,7,7,0.4836618513336482,0.5163381486663517,0.5,0.016338148666351804
223,7,7,0.4836618513336482,0.5163381486663517,0.5,0.016338148666351804
224,6,8,0.4836618513336482,0.5163381486663517,0.42857142857142855,0.05509042276221965
225,7,7,0.4836618513336482,0.5163381486663517,0.5,0.016338148666351804
226,6,8,0.4836618513336482,0.5163381486663517,0.42857142857142855,0.05509042276221965
227,6,8,0.4836618513336482,0.5163381486663517,0.42857142857142855,0.05509042276221965
228,7,7,0.4836618513336482,0.5163381486663517,0.5,0.016338148666351804
229,7,7,0.4836618513336482,0.5163381486663517,0.5,0.016338148666351804
230,7,7,0.4836618513336482,0.5163381486663517,0.5,0.016338148666351804
231,7,7,0.4836618513336482,0.5163381486663517,0.5,0.016338148666351804
232,7,7,0.4836618513336482,0.5163381486663517,0.5,0.016338148666351804
233,7,7,0.4836618513336482,0.5163381486663517,0.5,0.016338148666351804
234,7,7,0.4836618513336482,0.5163381486663517,0.5,0.016338148666351804
235,7,7,0.4836618513336482,0.5163381486663517,0.5,0.016338148666351804
236,7,7,0.4836618513336482,0.5163381486663517,0.5,0.016338148666351804
237,7,7,0.4836618513336482,0.5163381486663517,0.5,0.016338148666351804
238,7,7,0.4836618513336482,0.5163381486663517,0.5,0.016338148666351804
239,7,7,0.4836618513336482,0.5163381486663517,0.5,0.016338148666351804
240,7,7,0.4836618513336482,0.5163381486663517,0.5,0.016338148666351804
241,7,7,0.4836618513336482,0.5163381486663517,0.5,0.016338148666351804
242,7,7,0.4836618513336482,0.5163381486663517,0.5,0.016338148666351804
243,7,7,0.4836618513336482,0.5163381486663517,0.5,0.016338148666351804
244,7,7,0.4836618513336482,0.5163381486663517,0.5,0.016338148666351804
245,6,8,0.4836618513336482,0.5163381486663517,0.42857142857142855,0.05509042276221965
246,7,7,0.4836618513336482,0.5163381486663517,0.5,0.016338148666351804
247,7,7,0.4836618513336482,0.5163381486663517,0.5,0.016338148666351804
248,6,8,0.4836618513336482,0.5163381486663517,0.42857142857142855,0.05509042276221965
249,7,7,0.4836618513336482,0.5163381486663517,0.5,0.016338148666351804
250,7,7,0.4836618513336482,0.5163381486663517,0.5,0.016338148666351804
251,7,7,0.4836618513336482,0.5163381486663517,0.5,0.016338148666351804
252,7,7,0.4836618513336482,0.5163381486663517,0.5,0.016338148666351804
253,7,7,0.4836618513336482,0.5163381486663517,0.5,0.016338148666351804
254,7,7,0.4836618513336482,0.5163381486663517,0.5,0.016338148666351804
255,7,7,0.4836618513336482,0.5163381486663517,0.5,0.016338148666351804
256,7,7,0.4836618513336482,0.5163381486663517,0.5,0.016338148666351804
257,7,7,0.4836618513336482,0.5163381486663517,0.5,0.016338148666351804
258,7,7,0.4836618513336482,0.5163381486663517,0.5,0.016338148666351804
259,7,7,0.4836618513336482,0.5163381486663517,0.5,0.016338148666351804
260,7,7,0.4836618513336482,0.5163381486663517,0.5,0.016338148666351804
261,6,8,0.4836618513336482,0.5163381486663517,0.42857142857142855,0.05509042276221965
262,6,8,0.4836618513336482,0.5163381486663517,0.42857142857142855,0.05509042276221965
263,7,7,0.4836618513336482,0.5163381486663517,0.5,0.016338148666351804
264,7,7,0.4836618513336482,0.5163381486663517,0.5,0.016338148666351804
265,6,8,0.4836618513336482,0.5163381486663517,0.42857142857142855,0.05509042276221965
266,7,7,0.4836618513336482,0.5163381486663517,0.5,0.016338148666351804
267,6,8,0.4836618513336482,0.5163381486663517,0.42857142857142855,0.05509042276221965
268,7,7,0.4836618513336482,0.5163381486663517,0.5,0.016338148666351804
269,7,7,0.4836618513336482,0.5163381486663517,0.5,0.016338148666351804
270,6,8,0.4836618513336482,0.5163381486663517,0.42857142857142855,0.05509042276221965
271,7,7,0.4836618513336482,0.5163381486663517,0.5,0.016338148666351804
272,7,7,0.4836618513336482,0.5163381486663517,0.5,0.016338148666351804
273,6,8,0.4836618513336482,0.5163381486663517,0.42857142857142855,0.05509042276221965
274,6,8,0.4836618513336482,0.5163381486663517,0.42857142857142855,0.05509042276221965
275,6,8,0.4836618513336482,0.5163381486663517,0.42857142857142855,0.05509042276221965
276,6,8,0.4836618513336482,0.5163381486663517,0.42857142857142855,0.05509042276221965
277,6,8,0.4836618513336482,0.5163381486663517,0.42857142857142855,0.05509042276221965
278,6,8,0.4836618513336482,0.5163381486663517,0.42857142857142855,0.05509042276221965
279,7,7,0.4836618513336482,0.5163381486663517,0.5,0.016338148666351804
280,6,8,0.4836618513336482,0.5163381486663517,0.42857142857142855,0.05509042276221965
281,6,8,0.4836618513336482,0.5163381486663517,0.42857142857142855,0.05509042276221965
282,7,7,0.4836618513336482,0.5163381486663517,0.5,0.016338148666351804
283,7,7,0.4836618513336482,0.5163381486663517,0.5,0.016338148666351804
284,7,7,0.4836618513336482,0.5163381486663517,0.5,0.016338148666351804
285,7,7,0.4836618513336482,0.5163381486663517,0.5,0.016338148666351804
286,6,8,0.4836618513336482,0.5163381486663517,0.42857142857142855,0.05509042276221965
287,6,8,0.4836618513336482,0.5163381486663517,0.42857142857142855,0.05509042276221965
288,6,8,0.4836618513336482,0.5163381486663517,0.42857142857142855,0.05509042276221965
289,6,8,0.4836618513336482,0.5163381486663517,0.42857142857142855,0.05509042276221965
290,6,8,0.4836618513336482,0.5163381486663517,0.42857142857142855,0.05509042276221965
291,6,8,0.4836618513336482,0.5163381486663517,0.42857142857142855,0.05509042276221965
292,6,8,0.4836618513336482,0.5163381486663517,0.42857142857142855,0.05509042276221965
293,6,8,0.4836618513336482,0.5163381486663517,0.42857142857142855,0.05509042276221965
294,6,8,0.4836618513336482,0.5163381486663517,0.42857142857142855,0.05509042276221965
295,6,8,0.4836618513336482,0.5163381486663517,0.42857142857142855,0.05509042276221965
296,6,8,0.4836618513336482,0.5163381486663517,0.42857142857142855,0.05509042276221965
297,6,8,0.4836618513336482,0.5163381486663517,0.42857142857142855,0.05509042276221965
298,6,8,0.4836618513336482,0.5163381486663517,0.42857142857142855,0.05509042276221965
299,6,8,0.4836618513336482,0.5163381486663517,0.42857142857142855,0.05509042276221965
300,6,8,0.4836618513336482,0.5163381486663517,0.42857142857142855,0.05509042276221965
301,7,7,0.4836618513336482,0.5163381486663517,0.5,0.016338148666351804
302,7,7,0.4836618513336482,0.5163381486663517,0.5,0.016338148666351804
303,7,7,0.4836618513336482,0.5163381486663517,0.5,0.016338148666351804
304,7,7,0.4836618513336482,0.5163381486663517,0.5,0.016338148666351804
305,7,7,0.4836618513336482,0.5163381486663517,0.5,0.016338148666351804
306,7,7,0.4836618513336482,0.5163381486663517,0.5,0.016338148666351804
307,7,7,0.4836618513336482,0.5163381486663517,0.5,0.016338148666351804
308,7,7,0.4836618513336482,0.5163381486663517,0.5,0.016338148666351804
309,6,8,0.4836618513336482,0.5163381486663517,0.42857142857142855,0.05509042276221965
310,7,7,0.4836618513336482,0.5163381486663517,0.5,0.016338148666351804
311,7,7,0.4836618513336482,0.5163381486663517,0.5,0.016338148666351804
312,6,8,0.4836618513336482,0.5163381486663517,0.42857142857142855,0.05509042276221965
313,8,6,0.4836618513336482,0.5163381486663517,0.5714285714285714,0.0877667200949232
314,6,8,0.4836618513336482,0.5163381486663517,0.42857142857142855,0.05509042276221965
315,6,8,0.4836618513336482,0.5163381486663517,0.42857142857142855,0.05509042276221965
316,7,7,0.4836618513336482,0.5163381486663517,0.5,0.016338148666351804
317,7,7,0.4836618513336482,0.5163381486663517,0.5,0.016338148666351804
318,6,8,0.4836618513336482,0.5163381486663517,0.42857142857142855,0.05509042276221965
319,7,7,0.4836618513336482,0.5163381486663517,0.5,0.016338148666351804
320,7,7,0.4836618513336482,0.5163381486663517,0.5,0.016338148666351804
321,7,7,0.4836618513336482,0.5163381486663517,0.5,0.016338148666351804
322,7,7,0.4836618513336482,0.5163381486663517,0.5,0.016338148666351804
323,7,7,0.4836618513336482,0.5163381486663517,0.5,0.016338148666351804
324,8,6,0.4836618513336482,0.5163381486663517,0.5714285714285714,0.0877667200949232
325,8,6,0.4836618513336482,0.5163381486663517,0.5714285714285714,0.0877667200949232
326,7,7,0.4836618513336482,0.5163381486663517,0.5,0.016338148666351804
327,7,7,0.4836618513336482,0.5163381486663517,0.5,0.016338148666351804
328,7,7,0.4836618513336482,0.5163381486663517,0.5,0.016338148666351804
329,7,7,0.4836618513336482,0.5163381486663517,0.5,0.016338148666351804
330,7,7,0.4836618513336482,0.5163381486663517,0.5,0.016338148666351804
331,6,8,0.4836618513336482,0.5163381486663517,0.42857142857142855,0.05509042276221965
332,6,8,0.4836618513336482,0.5163381486663517,0.42857142857142855,0.05509042276221965
333,6,8,0.4836618513336482,0.5163381486663517,0.42857142857142855,0.05509042276221965
334,6,8,0.4836618513336482,0.5163381486663517,0.42857142857142855,0.05509042276221965
335,7,7,0.4836618513336482,0.5163381486663517,0.5,0.016338148666351804
336,7,7,0.4836618513336482,0.5163381486663517,0.5,0.016338148666351804
337,7,7,0.4836618513336482,0.5163381486663517,0.5,0.016338148666351804
338,7,7,0.4836618513336482,0.5163381486663517,0.5,0.016338148666351804
339,7,7,0.4836618513336482,0.5163381486663517,0.5,0.016338148666351804
340,6,8,0.4836618513336482,0.5163381486663517,0.42857142857142855,0.05509042276221965
341,8,6,0.4836618513336482,0.5163381486663517,0.5714285714285714,0.0877667200949232
342,8,6,0.4836618513336482,0.5163381486663517,0.5714285714285714,0.0877667200949232
343,8,6,0.4836618513336482,0.5163381486663517,0.5714285714285714,0.0877667200949232
344,8,6,0.4836618513336482,0.5163381486663517,0.5714285714285714,0.0877667200949232
345,6,8,0.4836618513336482,0.5163381486663517,0.42857142857142855,0.05509042276221965
346,7,7,0.4836618513336482,0.5163381486663517,0.5,0.016338148666351804
347,7,7,0.4836618513336482,0.5163381486663517,0.5,0.016338148666351804
348,6,8,0.4836618513336482,0.5163381486663517,0.42857142857142855,0.05509042276221965
349,6,8,0.4836618513336482,0.5163381486663517,0.42857142857142855,0.05509042276221965
350,6,8,0.4836618513336482,0.5163381486663517,0.42857142857142855,0.05509042276221965
351,6,8,0.4836618513336482,0.5163381486663517,0.42857142857142855,0.05509042276221965
352,6,8,0.4836618513336482,0.5163381486663517,0.42857142857142855,0.05509042276221965
353,7,7,0.4836618513336482,0.5163381486663517,0.5,0.016338148666351804
354,7,7,0.4836618513336482,0.5163381486663517,0.5,0.016338148666351804
355,7,7,0.4836618513336482,0.5163381486663517,0.5,0.016338148666351804
356,7,7,0.4836618513336482,0.5163381486663517,0.5,0.016338148666351804
357,7,7,0.4836618513336482,0.5163381486663517,0.5,0.016338148666351804
358,6,8,0.4836618513336482,0.5163381486663517,0.42857142857142855,0.05509042276221965
359,6,8,0.4836618513336482,0.5163381486663517,0.42857142857142855,0.05509042276221965
360,7,7,0.4836618513336482,0.5163381486663517,0.5,0.016338148666351804
361,7,7,0.4836618513336482,0.5163381486663517,0.5,0.016338148666351804
362,6,8,0.4836618513336482,0.5163381486663517,0.42857142857142855,0.05509042276221965
363,7,7,0.4836618513336482,0.5163381486663517,0.5,0.016338148666351804
364,7,7,0.4836618513336482,0.5163381486663517,0.5,0.016338148666351804
365,7,7,0.4836618513336482,0.5163381486663517,0.5,0.016338148666351804
366,7,7,0.4836618513336482,0.5163381486663517,0.5,0.016338148666351804
367,6,8,0.4836618513336482,0.5163381486663517,0.42857142857142855,0.05509042276221965
368,7,7,0.4836618513336482,0.5163381486663517,0.5,0.016338148666351804
369,7,7,0.4836618513336482,0.5163381486663517,0.5,0.016338148666351804
370,6,8,0.4836618513336482,0.5163381486663517,0.42857142857142855,0.05509042276221965
371,6,8,0.4836618513336482,0.5163381486663517,0.42857142857142855,0.05509042276221965
372,7,7,0.4836618513336482,0.5163381486663517,0.5,0.016338148666351804
373,7,7,0.4836618513336482,0.5163381486663517,0.5,0.016338148666351804
374,7,7,0.4836618513336482,0.5163381486663517,0.5,0.016338148666351804
375,7,7,0.4836618513336482,0.5163381486663517,0.5,0.016338148666351804
376,7,7,0.4836618513336482,0.5163381486663517,0.5,0.016338148666351804
377,8,6,0.4836618513336482,0.5163381486663517,0.5714285714285714,0.0877667200949232
378,8,6,0.4836618513336482,0.5163381486663517,0.5714285714285714,0.0877667200949232
379,6,8,0.4836618513336482,0.5163381486663517,0.42857142857142855,0.05509042276221965
380,7,7,0.4836618513336482,0.5163381486663517,0.5,0.016338148666351804
381,7,7,0.4836618513336482,0.5163381486663517,0.5,0.016338148666351804
382,7,7,0.4836618513336482,0.5163381486663517,0.5,0.016338148666351804
383,7,7,0.4836618513336482,0.5163381486663517,0.5,0.016338148666351804
384,6,8,0.4836618513336482,0.5163381486663517,0.42857142857142855,0.05509042276221965
385,7,7,0.4836618513336482,0.5163381486663517,0.5,0.016338148666351804
386,7,7,0.4836618513336482,0.5163381486663517,0.5,0.016338148666351804
387,7,7,0.4836618513336482,0.5163381486663517,0.5,0.016338148666351804
388,7,7,0.4836618513336482,0.5163381486663517,0.5,0.016338148666351804
389,6,8,0.4836618513336482,0.5163381486663517,0.42857142857142855,0.05509042276221965
390,6,8,0.4836618513336482,0.5163381486663517,0.42857142857142855,0.05509042276221965
391,6,8,0.4836618513336482,0.5163381486663517,0.42857142857142855,0.05509042276221965
392,7,7,0.4836618513336482,0.5163381486663517,0.5,0.016338148666351804
393,7,7,0.4836618513336482,0.5163381486663517,0.5,0.016338148666351804
394,7,7,0.4836618513336482,0.5163381486663517,0.5,0.016338148666351804
395,7,7,0.4836618513336482,0.5163381486663517,0.5,0.016338148666351804
396,7,7,0.4836618513336482,0.5163381486663517,0.5,0.016338148666351804
397,7,7,0.4836618513336482,0.5163381486663517,0.5,0.016338148666351804
398,7,7,0.4836618513336482,0.5163381486663517,0.5,0.016338148666351804
399,8,6,0.4836618513336482,0.5163381486663517,0.5714285714285714,0.0877667200949232
400,7,7,0.4836618513336482,0.5163381486663517,0.5,0.016338148666351804
401,7,7,0.4836618513336482,0.5163381486663517,0.5,0.016338148666351804
402,7,7,0.4836618513336482,0.5163381486663517,0.5,0.016338148666351804
403,7,7,0.4836618513336482,0.5163381486663517,0.5,0.016338148666351804
404,7,7,0.4836618513336482,0.5163381486663517,0.5,0.016338148666351804
405,7,7,0.4836618513336482,0.5163381486663517,0.5,0.016338148666351804
406,7,7,0.4836618513336482,0.5163381486663517,0.5,0.016338148666351804
407,7,7,0.4836618513336482,0.5163381486663517,0.5,0.016338148666351804
408,6,8,0.4836618513336482,0.5163381486663517,0.42857142857142855,0.05509042276221965
409,7,7,0.4836618513336482,0.5163381486663517,0.5,0.016338148666351804
410,7,7,0.4836618513336482,0.5163381486663517,0.5,0.016338148666351804
411,7,7,0.4836618513336482,0.5163381486663517,0.5,0.016338148666351804
412,7,7,0.4836618513336482,0.5163381486663517,0.5,0.016338148666351804
413,7,7,0.4836618513336482,0.5163381486663517,0.5,0.016338148666351804
414,7,7,0.4836618513336482,0.5163381486663517,0.5,0.016338148666351804
415,7,7,0.4836618513336482,0.5163381486663517,0.5,0.016338148666351804
416,7,7,0.4836618513336482,0.5163381486663517,0.5,0.016338148666351804
417,7,7,0.4836618513336482,0.5163381486663517,0.5,0.016338148666351804
418,7,7,0.4836618513336482,0.5163381486663517,0.5,0.016338148666351804
419,7,7,0.4836618513336482,0.5163381486663517,0.5,0.016338148666351804
420,7,7,0.4836618513336482,0.5163381486663517,0.5,0.016338148666351804
421,7,7,0.4836618513336482,0.5163381486663517,0.5,0.016338148666351804
422,7,7,0.4836618513336482,0.5163381486663517,0.5,0.016338148666351804
423,6,8,0.4836618513336482,0.5163381486663517,0.42857142857142855,0.05509042276221965
424,6,8,0.4836618513336482,0.5163381486663517,0.42857142857142855,0.05509042276221965
425,6,8,0.4836618513336482,0.5163381486663517,0.42857142857142855,0.05509042276221965
426,7,7,0.4836618513336482,0.5163381486663517,0.5,0.016338148666351804
427,7,7,0.4836618513336482,0.5163381486663517,0.5,0.016338148666351804
428,7,7,0.4836618513336482,0.5163381486663517,0.5,0.016338148666351804
429,7,7,0.4836618513336482,0.5163381486663517,0.5,0.016338148666351804
430,7,7,0.4836618513336482,0.5163381486663517,0.5,0.016338148666351804
431,7,7,0.4836618513336482,0.5163381486663517,0.5,0.016338148666351804
432,7,7,0.4836618513336482,0.5163381486663517,0.5,0.016338148666351804
433,6,8,0.4836618513336482,0.5163381486663517,0.42857142857142855,0.05509042276221965
434,7,7,0.4836618513336482,0.5163381486663517,0.5,0.016338148666351804
435,7,7,0.4836618513336482,0.5163381486663517,0.5,0.016338148666351804
436,7,7,0.4836618513336482,0.5163381486663517,0.5,0.016338148666351804
437,7,7,0.4836618513336482,0.5163381486663517,0.5,0.016338148666351804
438,7,7,0.4836618513336482,0.5163381486663517,0.5,0.016338148666351804
439,7,7,0.4836618513336482,0.5163381486663517,0.5,0.016338148666351804
440,8,6,0.4836618513336482,0.5163381486663517,0.5714285714285714,0.0877667200949232
441,7,7,0.4836618513336482,0.5163381486663517,0.5,0.016338148666351804
442,8,6,0.4836618513336482,0.5163381486663517,0.5714285714285714,0.0877667200949232
443,7,7,0.4836618513336482,0.5163381486663517,0.5,0.016338148666351804
444,7,7,0.4836618513336482,0.5163381486663517,0.5,0.016338148666351804
445,7,7,0.4836618513336482,0.5163381486663517,0.5,0.016338148666351804
446,7,7,0.4836618513336482,0.5163381486663517,0.5,0.016338148666351804
447,8,6,0.4836618513336482,0.5163381486663517,0.5714285714285714,0.0877667200949232
448,7,7,0.4836618513336482,0.5163381486663517,0.5,0.016338148666351804
449,8,6,0.4836618513336482,0.5163381486663517,0.5714285714285714,0.0877667200949232
450,8,6,0.4836618513336482,0.5163381486663517,0.5714285714285714,0.0877667200949232
451,7,7,0.4836618513336482,0.5163381486663517,0.5,0.016338148666351804
452,7,7,0.4836618513336482,0.5163381486663517,0.5,0.016338148666351804
453,8,6,0.4836618513336482,0.5163381486663517,0.5714285714285714,0.0877667200949232
454,8,6,0.4836618513336482,0.5163381486663517,0.5714285714285714,0.0877667200949232
455,8,6,0.4836618513336482,0.5163381486663517,0.5714285714285714,0.0877667200949232
456,8,6,0.4836618513336482,0.5163381486663517,0.5714285714285714,0.0877667200949232
457,8,6,0.4836618513336482,0.5163381486663517,0.5714285714285714,0.0877667200949232
458,6,8,0.4836618513336482,0.5163381486663517,0.42857142857142855,0.05509042276221965
459,6,8,0.4836618513336482,0.5163381486663517,0.42857142857142855,0.05509042276221965
460,6,8,0.4836618513336482,0.5163381486663517,0.42857142857142855,0.05509042276221965
461,7,7,0.4836618513336482,0.5163381486663517,0.5,0.016338148666351804
462,6,8,0.4836618513336482,0.5163381486663517,0.42857142857142855,0.05509042276221965
463,7,7,0.4836618513336482,0.5163381486663517,0.5,0.016338148666351804
464,7,7,0.4836618513336482,0.5163381486663517,0.5,0.016338148666351804
465,7,7,0.4836618513336482,0.5163381486663517,0.5,0.016338148666351804
466,6,8,0.4836618513336482,0.5163381486663517,0.42857142857142855,0.05509042276221965
467,6,8,0.4836618513336482,0.5163381486663517,0.42857142857142855,0.05509042276221965
468,7,7,0.4836618513336482,0.5163381486663517,0.5,0.016338148666351804
469,7,7,0.4836618513336482,0.5163381486663517,0.5,0.016338148666351804
470,7,7,0.4836618513336482,0.5163381486663517,0.5,0.016338148666351804
471,7,7,0.4836618513336482,0.5163381486663517,0.5,0.016338148666351804
472,6,8,0.4836618513336482,0.5163381486663517,0.42857142857142855,0.05509042276221965
473,6,8,0.4836618513336482,0.5163381486663517,0.42857142857142855,0.05509042276221965
474,7,7,0.4836618513336482,0.5163381486663517,0.5,0.016338148666351804
475,7,7,0.4836618513336482,0.5163381486663517,0.5,0.016338148666351804
476,7,7,0.4836618513336482,0.5163381486663517,0.5,0.016338148666351804
477,7,7,0.4836618513336482,0.5163381486663517,0.5,0.016338148666351804
478,7,7,0.4836618513336482,0.5163381486663517,0.5,0.016338148666351804
479,7,7,0.4836618513336482,0.5163381486663517,0.5,0.016338148666351804
480,7,7,0.4836618513336482,0.5163381486663517,0.5,0.016338148666351804
481,6,8,0.4836618513336482,0.5163381486663517,0.42857142857142855,0.05509042276221965
482,7,7,0.4836618513336482,0.5163381486663517,0.5,0.016338148666351804
483,7,7,0.4836618513336482,0.5163381486663517,0.5,0.016338148666351804
484,6,8,0.4836618513336482,0.5163381486663517,0.42857142857142855,0.05509042276221965
485,6,8,0.4836618513336482,0.5163381486663517,0.42857142857142855,0.05509042276221965
486,6,8,0.4836618513336482,0.5163381486663517,0.42857142857142855,0.05509042276221965
487,7,7,0.4836618513336482,0.5163381486663517,0.5,0.016338148666351804
488,7,7,0.4836618513336482,0.5163381486663517,0.5,0.016338148666351804
489,7,7,0.4836618513336482,0.5163381486663517,0.5,0.016338148666351804
490,7,7,0.4836618513336482,0.5163381486663517,0.5,0.016338148666351804
491,6,8,0.4836618513336482,0.5163381486663517,0.42857142857142855,0.05509042276221965
492,8,6,0.4836618513336482,0.5163381486663517,0.5714285714285714,0.0877667200949232
493,8,6,0.4836618513336482,0.5163381486663517,0.5714285714285714,0.0877667200949232
494,6,8,0.4836618513336482,0.5163381486663517,0.42857142857142855,0.05509042276221965
495,7,7,0.4836618513336482,0.5163381486663517,0.5,0.016338148666351804
496,7,7,0.4836618513336482,0.5163381486663517,0.5,0.016338148666351804
497,7,7,0.4836618513336482,0.5163381486663517,0.5,0.016338148666351804
498,7,7,0.4836618513336482,0.5163381486663517,0.5,0.016338148666351804
499,7,7,0.4836618513336482,0.5163381486663517,0.5,0.016338148666351804
500,7,7,0.4836618513336482,0.5163381486663517,0.5,0.016338148666351804
501,7,7,0.4836618513336482,0.5163381486663517,0.5,0.016338148666351804
502,6,8,0.4836618513336482,0.5163381486663517,0.42857142857142855,0.05509042276221965
503,7,7,0.4836618513336482,0.5163381486663517,0.5,0.016338148666351804
504,7,7,0.4836618513336482,0.5163381486663517,0.5,0.016338148666351804
505,7,7,0.4836618513336482,0.5163381486663517,0.5,0.016338148666351804
506,7,7,0.4836618513336482,0.5163381486663517,0.5,0.016338148666351804
507,7,7,0.4836618513336482,0.5163381486663517,0.5,0.016338148666351804
508,6,8,0.4836618513336482,0.5163381486663517,0.42857142857142855,0.05509042276221965
509,7,7,0.4836618513336482,0.5163381486663517,0.5,0.016338148666351804
510,7,7,0.4836618513336482,0.5163381486663517,0.5,0.016338148666351804
511,7,7,0.4836618513336482,0.5163381486663517,0.5,0.016338148666351804
512,7,7,0.4836618513336482,0.5163381486663517,0.5,0.016338148666351804
513,6,8,0.4836618513336482,0.5163381486663517,0.42857142857142855,0.05509042276221965
514,6,8,0.4836618513336482,0.5163381486663517,0.42857142857142855,0.05509042276221965
515,6,8,0.4836618513336482,0.5163381486663517,0.42857142857142855,0.05509042276221965
516,6,8,0.4836618513336482,0.5163381486663517,0.42857142857142855,0.05509042276221965
517,7,7,0.4836618513336482,0.5163381486663517,0.5,0.016338148666351804
518,7,7,0.4836618513336482,0.5163381486663517,0.5,0.016338148666351804
519,6,8,0.4836618513336482,0.5163381486663517,0.42857142857142855,0.05509042276221965
520,6,8,0.4836618513336482,0.5163381486663517,0.42857142857142855,0.05509042276221965
521,6,8,0.4836618513336482,0.5163381486663517,0.42857142857142855,0.05509042276221965
522,7,7,0.4836618513336482,0.5163381486663517,0.5,0.016338148666351804
523,6,8,0.4836618513336482,0.5163381486663517,0.42857142857142855,0.05509042276221965
524,6,8,0.4836618513336482,0.5163381486663517,0.42857142857142855,0.05509042276221965
525,6,8,0.4836618513336482,0.5163381486663517,0.42857142857142855,0.05509042276221965
526,6,8,0.4836618513336482,0.5163381486663517,0.42857142857142855,0.05509042276221965
527,7,7,0.4836618513336482,0.5163381486663517,0.5,0.016338148666351804
528,7,7,0.4836618513336482,0.5163381486663517,0.5,0.016338148666351804
529,7,7,0.4836618513336482,0.5163381486663517,0.5,0.016338148666351804
530,7,7,0.4836618513336482,0.5163381486663517,0.5,0.016338148666351804
531,7,7,0.4836618513336482,0.5163381486663517,0.5,0.016338148666351804
532,7,7,0.4836618513336482,0.5163381486663517,0.5,0.016338148666351804
533,7,7,0.4836618513336482,0.5163381486663517,0.5,0.016338148666351804
534,6,8,0.4836618513336482,0.5163381486663517,0.42857142857142855,0.05509042276221965
535,6,8,0.4836618513336482,0.5163381486663517,0.42857142857142855,0.05509042276221965
536,7,7,0.4836618513336482,0.5163381486663517,0.5,0.016338148666351804
537,7,7,0.4836618513336482,0.5163381486663517,0.5,0.016338148666351804
538,6,8,0.4836618513336482,0.5163381486663517,0.42857142857142855,0.05509042276221965
539,7,7,0.4836618513336482,0.5163381486663517,0.5,0.016338148666351804
540,7,7,0.4836618513336482,0.5163381486663517,0.5,0.016338148666351804
541,7,7,0.4836618513336482,0.5163381486663517,0.5,0.016338148666351804
542,7,7,0.4836618513336482,0.5163381486663517,0.5,0.016338148666351804
543,7,7,0.4836618513336482,0.5163381486663517,0.5,0.016338148666351804
544,7,7,0.4836618513336482,0.5163381486663517,0.5,0.016338148666351804
545,7,7,0.4836618513336482,0.5163381486663517,0.5,0.016338148666351804
546,7,7,0.4836618513336482,0.5163381486663517,0.5,0.016338148666351804
547,7,7,0.4836618513336482,0.5163381486663517,0.5,0.016338148666351804
548,7,7,0.4836618513336482,0.5163381486663517,0.5,0.016338148666351804
549,7,7,0.4836618513336482,0.5163381486663517,0.5,0.016338148666351804
550,7,7,0.4836618513336482,0.5163381486663517,0.5,0.016338148666351804
551,6,8,0.4836618513336482,0.5163381486663517,0.42857142857142855,0.05509042276221965
552,7,7,0.4836618513336482,0.5163381486663517,0.5,0.016338148666351804
553,7,7,0.4836618513336482,0.5163381486663517,0.5,0.016338148666351804
554,7,7,0.4836618513336482,0.5163381486663517,0.5,0.016338148666351804
555,6,8,0.4836618513336482,0.5163381486663517,0.42857142857142855,0.05509042276221965
556,7,7,0.4836618513336482,0.5163381486663517,0.5,0.016338148666351804
557,7,7,0.4836618513336482,0.5163381486663517,0.5,0.016338148666351804
558,6,8,0.4836618513336482,0.5163381486663517,0.42857142857142855,0.05509042276221965
559,7,7,0.4836618513336482,0.5163381486663517,0.5,0.016338148666351804
560,7,7,0.4836618513336482,0.5163381486663517,0.5,0.016338148666351804
561,7,7,0.4836618513336482,0.5163381486663517,0.5,0.016338148666351804
562,6,8,0.4836618513336482,0.5163381486663517,0.42857142857142855,0.05509042276221965
563,6,8,0.4836618513336482,0.5163381486663517,0.42857142857142855,0.05509042276221965
564,7,7,0.4836618513336482,0.5163381486663517,0.5,0.016338148666351804
565,7,7,0.4836618513336482,0.5163381486663517,0.5,0.016338148666351804
566,7,7,0.4836618513336482,0.5163381486663517,0.5,0.016338148666351804
567,6,8,0.4836618513336482,0.5163381486663517,0.42857142857142855,0.05509042276221965
568,6,8,0.4836618513336482,0.5163381486663517,0.42857142857142855,0.05509042276221965
569,6,8,0.4836618513336482,0.5163381486663517,0.42857142857142855,0.05509042276221965
570,6,8,0.4836618513336482,0.5163381486663517,0.42857142857142855,0.05509042276221965
571,6,8,0.4836618513336482,0.5163381486663517,0.42857142857142855,0.05509042276221965
572,7,7,0.4836618513336482,0.5163381486663517,0.5,0.016338148666351804
573,7,7,0.4836618513336482,0.5163381486663517,0.5,0.016338148666351804
574,6,8,0.4836618513336482,0.5163381486663517,0.42857142857142855,0.05509042276221965
575,6,8,0.4836618513336482,0.5163381486663517,0.42857142857142855,0.05509042276221965
576,6,8,0.4836618513336482,0.5163381486663517,0.42857142857142855,0.05509042276221965
577,6,8,0.4836618513336482,0.5163381486663517,0.42857142857142855,0.05509042276221965
578,6,8,0.4836618513336482,0.5163381486663517,0.42857142857142855,0.05509042276221965
579,6,8,0.4836618513336482,0.5163381486663517,0.42857142857142855,0.05509042276221965
580,6,8,0.4836618513336482,0.5163381486663517,0.42857142857142855,0.05509042276221965
581,6,8,0.4836618513336482,0.5163381486663517,0.42857142857142855,0.05509042276221965
582,7,7,0.4836618513336482,0.5163381486663517,0.5,0.016338148666351804
583,6,8,0.4836618513336482,0.5163381486663517,0.42857142857142855,0.05509042276221965
584,6,8,0.4836618513336482,0.5163381486663517,0.42857142857142855,0.05509042276221965
585,6,8,0.4836618513336482,0.5163381486663517,0.42857142857142855,0.05509042276221965
586,6,8,0.4836618513336482,0.5163381486663517,0.42857142857142855,0.05509042276221965
587,6,8,0.4836618513336482,0.5163381486663517,0.42857142857142855,0.05509042276221965
588,6,8,0.4836618513336482,0.5163381486663517,0.42857142857142855,0.05509042276221965
589,6,8,0.4836618513336482,0.5163381486663517,0.42857142857142855,0.05509042276221965
590,7,7,0.4836618513336482,0.5163381486663517,0.5,0.016338148666351804
591,7,7,0.4836618513336482,0.5163381486663517,0.5,0.016338148666351804
592,7,7,0.4836618513336482,0.5163381486663517,0.5,0.016338148666351804
593,7,7,0.4836618513336482,0.5163381486663517,0.5,0.016338148666351804
594,7,7,0.4836618513336482,0.5163381486663517,0.5,0.016338148666351804
595,7,7,0.4836618513336482,0.5163381486663517,0.5,0.016338148666351804
596,7,7,0.4836618513336482,0.5163381486663517,0.5,0.016338148666351804
597,6,8,0.4836618513336482,0.5163381486663517,0.42857142857142855,0.05509042276221965
598,6,8,0.4836618513336482,0.5163381486663517,0.42857142857142855,0.05509042276221965
599,7,7,0.4836618513336482,0.5163381486663517,0.5,0.016338148666351804
600,7,7,0.4836618513336482,0.5163381486663517,0.5,0.016338148666351804
601,6,8,0.4836618513336482,0.5163381486663517,0.42857142857142855,0.05509042276221965
602,7,7,0.4836618513336482,0.5163381486663517,0.5,0.016338148666351804
603,7,7,0.4836618513336482,0.5163381486663517,0.5,0.016338148666351804
604,7,7,0.4836618513336482,0.5163381486663517,0.5,0.016338148666351804
605,7,7,0.4836618513336482,0.5163381486663517,0.5,0.016338148666351804
606,7,7,0.4836618513336482,0.5163381486663517,0.5,0.016338148666351804
607,7,7,0.4836618513336482,0.5163381486663517,0.5,0.016338148666351804
608,6,8,0.4836618513336482,0.5163381486663517,0.42857142857142855,0.05509042276221965
609,7,7,0.4836618513336482,0.5163381486663517,0.5,0.016338148666351804
610,7,7,0.4836618513336482,0.5163381486663517,0.5,0.016338148666351804
611,7,7,0.4836618513336482,0.5163381486663517,0.5,0.016338148666351804
612,6,8,0.4836618513336482,0.5163381486663517,0.42857142857142855,0.05509042276221965
613,7,7,0.4836618513336482,0.5163381486663517,0.5,0.016338148666351804
614,8,6,0.4836618513336482,0.5163381486663517,0.5714285714285714,0.0877667200949232
615,8,6,0.4836618513336482,0.5163381486663517,0.5714285714285714,0.0877667200949232
616,7,7,0.4836618513336482,0.5163381486663517,0.5,0.016338148666351804
617,7,7,0.4836618513336482,0.5163381486663517,0.5,0.016338148666351804
618,7,7,0.4836618513336482,0.5163381486663517,0.5,0.016338148666351804
619,7,7,0.4836618513336482,0.5163381486663517,0.5,0.016338148666351804
620,6,8,0.4836618513336482,0.5163381486663517,0.42857142857142855,0.05509042276221965
621,7,7,0.4836618513336482,0.5163381486663517,0.5,0.016338148666351804
622,7,7,0.4836618513336482,0.5163381486663517,0.5,0.016338148666351804
623,6,8,0.4836618513336482,0.5163381486663517,0.42857142857142855,0.05509042276221965
624,6,8,0.4836618513336482,0.5163381486663517,0.42857142857142855,0.05509042276221965
625,7,7,0.4836618513336482,0.5163381486663517,0.5,0.016338148666351804
626,7,7,0.4836618513336482,0.5163381486663517,0.5,0.016338148666351804
627,7,7,0.4836618513336482,0.5163381486663517,0.5,0.016338148666351804
628,7,7,0.4836618513336482,0.5163381486663517,0.5,0.016338148666351804
629,7,7,0.4836618513336482,0.5163381486663517,0.5,0.016338148666351804
630,7,7,0.4836618513336482,0.5163381486663517,0.5,0.016338148666351804
631,7,7,0.4836618513336482,0.5163381486663517,0.5,0.016338148666351804
632,7,7,0.4836618513336482,0.5163381486663517,0.5,0.016338148666351804
633,7,7,0.4836618513336482,0.5163381486663517,0.5,0.016338148666351804
634,7,7,0.4836618513336482,0.5163381486663517,0.5,0.016338148666351804
635,7,7,0.4836618513336482,0.5163381486663517,0.5,0.016338148666351804
636,7,7,0.4836618513336482,0.5163381486663517,0.5,0.016338148666351804
637,7,7,0.4836618513336482,0.5163381486663517,0.5,0.016338148666351804
638,6,8,0.4836618513336482,0.5163381486663517,0.42857142857142855,0.05509042276221965
639,7,7,0.4836618513336482,0.5163381486663517,0.5,0.016338148666351804
640,7,7,0.4836618513336482,0.5163381486663517,0.5,0.016338148666351804
641,7,7,0.4836618513336482,0.5163381486663517,0.5,0.016338148666351804
642,7,7,0.4836618513336482,0.5163381486663517,0.5,0.016338148666351804
643,7,7,0.4836618513336482,0.5163381486663517,0.5,0.016338148666351804
644,7,7,0.4836618513336482,0.5163381486663517,0.5,0.016338148666351804
645,7,7,0.4836618513336482,0.5163381486663517,0.5,0.016338148666351804
646,7,7,0.4836618513336482,0.5163381486663517,0.5,0.016338148666351804
647,7,7,0.4836618513336482,0.5163381486663517,0.5,0.016338148666351804
648,7,7,0.4836618513336482,0.5163381486663517,0.5,0.016338148666351804
649,8,6,0.4836618513336482,0.5163381486663517,0.5714285714285714,0.0877667200949232
650,8,6,0.4836618513336482,0.5163381486663517,0.5714285714285714,0.0877667200949232
651,6,8,0.4836618513336482,0.5163381486663517,0.42857142857142855,0.05509042276221965
652,7,7,0.4836618513336482,0.5163381486663517,0.5,0.016338148666351804
653,7,7,0.4836618513336482,0.5163381486663517,0.5,0.016338148666351804
654,6,8,0.4836618513336482,0.5163381486663517,0.42857142857142855,0.05509042276221965
655,7,7,0.4836618513336482,0.5163381486663517,0.5,0.016338148666351804
656,6,8,0.4836618513336482,0.5163381486663517,0.42857142857142855,0.05509042276221965
657,6,8,0.4836618513336482,0.5163381486663517,0.42857142857142855,0.05509042276221965
658,6,8,0.4836618513336482,0.5163381486663517,0.42857142857142855,0.05509042276221965
659,6,8,0.4836618513336482,0.5163381486663517,0.42857142857142855,0.05509042276221965
660,7,7,0.4836618513336482,0.5163381486663517,0.5,0.016338148666351804
661,7,7,0.4836618513336482,0.5163381486663517,0.5,0.016338148666351804
662,7,7,0.4836618513336482,0.5163381486663517,0.5,0.016338148666351804
663,7,7,0.4836618513336482,0.5163381486663517,0.5,0.016338148666351804
664,7,7,0.4836618513336482,0.5163381486663517,0.5,0.016338148666351804
665,6,8,0.4836618513336482,0.5163381486663517,0.42857142857142855,0.05509042276221965
666,7,7,0.4836618513336482,0.5163381486663517,0.5,0.016338148666351804
667,7,7,0.4836618513336482,0.5163381486663517,0.5,0.016338148666351804
668,7,7,0.4836618513336482,0.5163381486663517,0.5,0.016338148666351804
669,7,7,0.4836618513336482,0.5163381486663517,0.5,0.016338148666351804
670,7,7,0.4836618513336482,0.5163381486663517,0.5,0.016338148666351804
671,6,8,0.4836618513336482,0.5163381486663517,0.42857142857142855,0.05509042276221965
672,6,8,0.4836618513336482,0.5163381486663517,0.42857142857142855,0.05509042276221965
673,6,8,0.4836618513336482,0.5163381486663517,0.42857142857142855,0.05509042276221965
674,6,8,0.4836618513336482,0.5163381486663517,0.42857142857142855,0.05509042276221965
675,6,8,0.4836618513336482,0.5163381486663517,0.42857142857142855,0.05509042276221965
676,6,8,0.4836618513336482,0.5163381486663517,0.42857142857142855,0.05509042276221965
677,6,8,0.4836618513336482,0.5163381486663517,0.42857142857142855,0.05509042276221965
678,7,7,0.4836618513336482,0.5163381486663517,0.5,0.016338148666351804
679,7,7,0.4836618513336482,0.5163381486663517,0.5,0.016338148666351804
680,7,7,0.4836618513336482,0.5163381486663517,0.5,0.016338148666351804
681,7,7,0.4836618513336482,0.5163381486663517,0.5,0.016338148666351804
682,7,7,0.4836618513336482,0.5163381486663517,0.5,0.016338148666351804
683,7,7,0.4836618513336482,0.5163381486663517,0.5,0.016338148666351804
684,7,7,0.4836618513336482,0.5163381486663517,0.5,0.016338148666351804
685,7,7,0.4836618513336482,0.5163381486663517,0.5,0.016338148666351804
686,7,7,0.4836618513336482,0.5163381486663517,0.5,0.016338148666351804
687,6,8,0.4836618513336482,0.5163381486663517,0.42857142857142855,0.05509042276221965
688,6,8,0.4836618513336482,0.5163381486663517,0.42857142857142855,0.05509042276221965
689,8,6,0.4836618513336482,0.5163381486663517,0.5714285714285714,0.0877667200949232
690,6,8,0.4836618513336482,0.5163381486663517,0.42857142857142855,0.05509042276221965
691,6,8,0.4836618513336482,0.5163381486663517,0.42857142857142855,0.05509042276221965
692,6,8,0.4836618513336482,0.5163381486663517,0.42857142857142855,0.05509042276221965
693,7,7,0.4836618513336482,0.5163381486663517,0.5,0.016338148666351804
694,6,8,0.4836618513336482,0.5163381486663517,0.42857142857142855,0.05509042276221965
695,6,8,0.4836618513336482,0.5163381486663517,0.42857142857142855,0.05509042276221965
696,7,7,0.4836618513336482,0.5163381486663517,0.5,0.016338148666351804
697,7,7,0.4836618513336482,0.5163381486663517,0.5,0.016338148666351804
698,7,7,0.4836618513336482,0.5163381486663517,0.5,0.016338148666351804
699,6,8,0.4836618513336482,0.5163381486663517,0.42857142857142855,0.05509042276221965
700,6,8,0.4836618513336482,0.5163381486663517,0.42857142857142855,0.05509042276221965
701,6,8,0.4836618513336482,0.5163381486663517,0.42857142857142855,0.05509042276221965
702,6,8,0.4836618513336482,0.5163381486663517,0.42857142857142855,0.05509042276221965
703,6,8,0.4836618513336482,0.5163381486663517,0.42857142857142855,0.05509042276221965
704,6,8,0.4836618513336482,0.5163381486663517,0.42857142857142855,0.05509042276221965
705,7,7,0.4836618513336482,0.5163381486663517,0.5,0.016338148666351804
706,7,7,0.4836618513336482,0.5163381486663517,0.5,0.016338148666351804
707,7,7,0.4836618513336482,0.5163381486663517,0.5,0.016338148666351804
708,7,7,0.4836618513336482,0.5163381486663517,0.5,0.016338148666351804
709,6,8,0.4836618513336482,0.5163381486663517,0.42857142857142855,0.05509042276221965
710,7,7,0.4836618513336482,0.5163381486663517,0.5,0.016338148666351804
711,6,8,0.4836618513336482,0.5163381486663517,0.42857142857142855,0.05509042276221965
712,6,8,0.4836618513336482,0.5163381486663517,0.42857142857142855,0.05509042276221965
713,7,7,0.4836618513336482,0.5163381486663517,0.5,0.016338148666351804
714,6,8,0.4836618513336482,0.5163381486663517,0.42857142857142855,0.05509042276221965
715,6,8,0.4836618513336482,0.5163381486663517,0.42857142857142855,0.05509042276221965
716,6,8,0.4836618513336482,0.5163381486663517,0.42857142857142855,0.05509042276221965
717,6,8,0.4836618513336482,0.5163381486663517,0.42857142857142855,0.05509042276221965
718,6,8,0.4836618513336482,0.5163381486663517,0.42857142857142855,0.05509042276221965
719,6,8,0.4836618513336482,0.5163381486663517,0.42857142857142855,0.05509042276221965
720,6,8,0.4836618513336482,0.5163381486663517,0.42857142857142855,0.05509042276221965
721,6,8,0.4836618513336482,0.5163381486663517,0.42857142857142855,0.05509042276221965
722,6,8,0.4836618513336482,0.5163381486663517,0.42857142857142855,0.05509042276221965
723,7,7,0.4836618513336482,0.5163381486663517,0.5,0.016338148666351804
724,7,7,0.4836618513336482,0.5163381486663517,0.5,0.016338148666351804
725,7,7,0.4836618513336482,0.5163381486663517,0.5,0.016338148666351804
726,7,7,0.4836618513336482,0.5163381486663517,0.5,0.016338148666351804
727,7,7,0.4836618513336482,0.5163381486663517,0.5,0.016338148666351804
728,7,7,0.4836618513336482,0.5163381486663517,0.5,0.016338148666351804
729,7,7,0.4836618513336482,0.5163381486663517,0.5,0.016338148666351804
730,7,7,0.4836618513336482,0.5163381486663517,0.5,0.016338148666351804
731,7,7,0.4836618513336482,0.5163381486663517,0.5,0.016338148666351804
732,7,7,0.4836618513336482,0.5163381486663517,0.5,0.016338148666351804
733,7,7,0.4836618513336482,0.5163381486663517,0.5,0.016338148666351804
734,7,7,0.4836618513336482,0.5163381486663517,0.5,0.016338148666351804
735,7,7,0.4836618513336482,0.5163381486663517,0.5,0.016338148666351804
736,7,7,0.4836618513336482,0.5163381486663517,0.5,0.016338148666351804
737,6,8,0.4836618513336482,0.5163381486663517,0.42857142857142855,0.05509042276221965
738,6,8,0.4836618513336482,0.5163381486663517,0.42857142857142855,0.05509042276221965
739,7,7,0.4836618513336482,0.5163381486663517,0.5,0.016338148666351804
740,7,7,0.4836618513336482,0.5163381486663517,0.5,0.016338148666351804
741,7,7,0.4836618513336482,0.5163381486663517,0.5,0.016338148666351804
742,6,8,0.4836618513336482,0.5163381486663517,0.42857142857142855,0.05509042276221965
743,6,8,0.4836618513336482,0.5163381486663517,0.42857142857142855,0.05509042276221965
744,6,8,0.4836618513336482,0.5163381486663517,0.42857142857142855,0.05509042276221965
745,6,8,0.4836618513336482,0.5163381486663517,0.42857142857142855,0.05509042276221965
746,6,8,0.4836618513336482,0.5163381486663517,0.42857142857142855,0.05509042276221965
747,6,8,0.4836618513336482,0.5163381486663517,0.42857142857142855,0.05509042276221965
748,7,7,0.4836618513336482,0.5163381486663517,0.5,0.016338148666351804
749,7,7,0.4836618513336482,0.5163381486663517,0.5,0.016338148666351804
750,6,8,0.4836618513336482,0.5163381486663517,0.42857142857142855,0.05509042276221965
751,7,7,0.4836618513336482,0.5163381486663517,0.5,0.016338148666351804
752,6,8,0.4836618513336482,0.5163381486663517,0.42857142857142855,0.05509042276221965
753,6,8,0.4836618513336482,0.5163381486663517,0.42857142857142855,0.05509042276221965
754,7,7,0.4836618513336482,0.5163381486663517,0.5,0.016338148666351804
755,7,7,0.4836618513336482,0.5163381486663517,0.5,0.016338148666351804
756,7,7,0.4836618513336482,0.5163381486663517,0.5,0.016338148666351804
757,7,7,0.4836618513336482,0.5163381486663517,0.5,0.016338148666351804
758,7,7,0.4836618513336482,0.5163381486663517,0.5,0.016338148666351804
759,7,7,0.4836618513336482,0.5163381486663517,0.5,0.016338148666351804
760,7,7,0.4836618513336482,0.5163381486663517,0.5,0.016338148666351804
761,7,7,0.4836618513336482,0.5163381486663517,0.5,0.016338148666351804
762,6,8,0.4836618513336482,0.5163381486663517,0.42857142857142855,0.05509042276221965
763,7,7,0.4836618513336482,0.5163381486663517,0.5,0.016338148666351804
764,7,7,0.4836618513336482,0.5163381486663517,0.5,0.016338148666351804
765,7,7,0.4836618513336482,0.5163381486663517,0.5,0.016338148666351804
766,7,7,0.4836618513336482,0.5163381486663517,0.5,0.016338148666351804
767,7,7,0.4836618513336482,0.5163381486663517,0.5,0.016338148666351804
768,6,8,0.4836618513336482,0.5163381486663517,0.42857142857142855,0.05509042276221965
769,6,8,0.4836618513336482,0.5163381486663517,0.42857142857142855,0.05509042276221965
770,7,7,0.4836618513336482,0.5163381486663517,0.5,0.016338148666351804
771,7,7,0.4836618513336482,0.5163381486663517,0.5,0.016338148666351804
772,7,7,0.4836618513336482,0.5163381486663517,0.5,0.016338148666351804
773,7,7,0.4836618513336482,0.5163381486663517,0.5,0.016338148666351804
774,6,8,0.4836618513336482,0.5163381486663517,0.42857142857142855,0.05509042276221965
775,7,7,0.4836618513336482,0.5163381486663517,0.5,0.016338148666351804
776,7,7,0.4836618513336482,0.5163381486663517,0.5,0.016338148666351804
777,7,7,0.4836618513336482,0.5163381486663517,0.5,0.016338148666351804
778,7,7,0.4836618513336482,0.5163381486663517,0.5,0.016338148666351804
779,7,7,0.4836618513336482,0.5163381486663517,0.5,0.016338148666351804
780,7,7,0.4836618513336482,0.5163381486663517,0.5,0.016338148666351804
781,7,7,0.4836618513336482,0.5163381486663517,0.5,0.016338148666351804
782,7,7,0.4836618513336482,0.5163381486663517,0.5,0.016338148666351804
783,7,7,0.4836618513336482,0.5163381486663517,0.5,0.016338148666351804
784,7,7,0.4836618513336482,0.5163381486663517,0.5,0.016338148666351804
785,7,7,0.4836618513336482,0.5163381486663517,0.5,0.016338148666351804
786,6,8,0.4836618513336482,0.5163381486663517,0.42857142857142855,0.05509042276221965
787,7,7,0.4836618513336482,0.5163381486663517,0.5,0.016338148666351804
788,7,7,0.4836618513336482,0.5163381486663517,0.5,0.016338148666351804
789,7,7,0.4836618513336482,0.5163381486663517,0.5,0.016338148666351804
790,6,8,0.4836618513336482,0.5163381486663517,0.42857142857142855,0.05509042276221965
791,7,7,0.4836618513336482,0.5163381486663517,0.5,0.016338148666351804
792,7,7,0.4836618513336482,0.5163381486663517,0.5,0.016338148666351804
793,7,7,0.4836618513336482,0.5163381486663517,0.5,0.016338148666351804
794,6,8,0.4836618513336482,0.5163381486663517,0.42857142857142855,0.05509042276221965
795,6,8,0.4836618513336482,0.5163381486663517,0.42857142857142855,0.05509042276221965
796,7,7,0.4836618513336482,0.5163381486663517,0.5,0.016338148666351804
797,7,7,0.4836618513336482,0.5163381486663517,0.5,0.016338148666351804
798,6,8,0.4836618513336482,0.5163381486663517,0.42857142857142855,0.05509042276221965
799,7,7,0.4836618513336482,0.5163381486663517,0.5,0.016338148666351804
800,7,7,0.4836618513336482,0.5163381486663517,0.5,0.016338148666351804
801,7,7,0.4836618513336482,0.5163381486663517,0.5,0.016338148666351804
802,7,7,0.4836618513336482,0.5163381486663517,0.5,0.016338148666351804
803,6,8,0.4836618513336482,0.5163381486663517,0.42857142857142855,0.05509042276221965
804,6,8,0.4836618513336482,0.5163381486663517,0.42857142857142855,0.05509042276221965
805,6,8,0.4836618513336482,0.5163381486663517,0.42857142857142855,0.05509042276221965
806,7,7,0.4836618513336482,0.5163381486663517,0.5,0.016338148666351804
807,7,7,0.4836618513336482,0.5163381486663517,0.5,0.016338148666351804
808,7,7,0.4836618513336482,0.5163381486663517,0.5,0.016338148666351804
809,7,7,0.4836618513336482,0.5163381486663517,0.5,0.016338148666351804
810,7,7,0.4836618513336482,0.5163381486663517,0.5,0.016338148666351804
811,7,7,0.4836618513336482,0.5163381486663517,0.5,0.016338148666351804
812,7,7,0.4836618513336482,0.5163381486663517,0.5,0.016338148666351804
813,7,7,0.4836618513336482,0.5163381486663517,0.5,0.016338148666351804
814,7,7,0.4836618513336482,0.5163381486663517,0.5,0.016338148666351804
815,7,7,0.4836618513336482,0.5163381486663517,0.5,0.016338148666351804
816,7,7,0.4836618513336482,0.5163381486663517,0.5,0.016338148666351804
817,7,7,0.4836618513336482,0.5163381486663517,0.5,0.016338148666351804
818,7,7,0.4836618513336482,0.5163381486663517,0.5,0.016338148666351804
819,7,7,0.4836618513336482,0.5163381486663517,0.5,0.016338148666351804
820,7,7,0.4836618513336482,0.5163381486663517,0.5,0.016338148666351804
821,7,7,0.4836618513336482,0.5163381486663517,0.5,0.016338148666351804
822,7,7,0.4836618513336482,0.5163381486663517,0.5,0.016338148666351804
823,7,7,0.4836618513336482,0.5163381486663517,0.5,0.016338148666351804
824,6,8,0.4836618513336482,0.5163381486663517,0.42857142857142855,0.05509042276221965
825,6,8,0.4836618513336482,0.5163381486663517,0.42857142857142855,0.05509042276221965
826,7,7,0.4836618513336482,0.5163381486663517,0.5,0.016338148666351804
827,7,7,0.4836618513336482,0.5163381486663517,0.5,0.016338148666351804
828,7,7,0.4836618513336482,0.5163381486663517,0.5,0.016338148666351804
829,7,7,0.4836618513336482,0.5163381486663517,0.5,0.016338148666351804
830,7,7,0.4836618513336482,0.5163381486663517,0.5,0.016338148666351804
831,7,7,0.4836618513336482,0.5163381486663517,0.5,0.016338148666351804
832,7,7,0.4836618513336482,0.5163381486663517,0.5,0.016338148666351804
833,6,8,0.4836618513336482,0.5163381486663517,0.42857142857142855,0.05509042276221965
834,6,8,0.4836618513336482,0.5163381486663517,0.42857142857142855,0.05509042276221965
835,7,7,0.4836618513336482,0.5163381486663517,0.5,0.016338148666351804
836,7,7,0.4836618513336482,0.5163381486663517,0.5,0.016338148666351804
837,7,7,0.4836618513336482,0.5163381486663517,0.5,0.016338148666351804
838,6,8,0.4836618513336482,0.5163381486663517,0.42857142857142855,0.05509042276221965
839,7,7,0.4836618513336482,0.5163381486663517,0.5,0.016338148666351804
840,7,7,0.4836618513336482,0.5163381486663517,0.5,0.016338148666351804
841,7,7,0.4836618513336482,0.5163381486663517,0.5,0.016338148666351804
842,6,8,0.4836618513336482,0.5163381486663517,0.42857142857142855,0.05509042276221965
843,6,8,0.4836618513336482,0.5163381486663517,0.42857142857142855,0.05509042276221965
844,6,8,0.4836618513336482,0.5163381486663517,0.42857142857142855,0.05509042276221965
845,6,8,0.4836618513336482,0.5163381486663517,0.42857142857142855,0.05509042276221965
846,7,7,0.4836618513336482,0.5163381486663517,0.5,0.016338148666351804
847,7,7,0.4836618513336482,0.5163381486663517,0.5,0.016338148666351804
848,6,8,0.4836618513336482,0.5163381486663517,0.42857142857142855,0.05509042276221965
849,6,8,0.4836618513336482,0.5163381486663517,0.42857142857142855,0.05509042276221965
850,6,8,0.4836618513336482,0.5163381486663517,0.42857142857142855,0.05509042276221965
851,6,8,0.4836618513336482,0.5163381486663517,0.42857142857142855,0.05509042276221965
852,7,7,0.4836618513336482,0.5163381486663517,0.5,0.016338148666351804
853,7,7,0.4836618513336482,0.5163381486663517,0.5,0.016338148666351804
854,6,8,0.4836618513336482,0.5163381486663517,0.42857142857142855,0.05509042276221965
855,6,8,0.4836618513336482,0.5163381486663517,0.42857142857142855,0.05509042276221965
856,6,8,0.4836618513336482,0.5163381486663517,0.42857142857142855,0.05509042276221965
857,6,8,0.4836618513336482,0.5163381486663517,0.42857142857142855,0.05509042276221965
858,6,8,0.4836618513336482,0.5163381486663517,0.42857142857142855,0.05509042276221965
859,6,8,0.4836618513336482,0.5163381486663517,0.42857142857142855,0.05509042276221965
860,7,7,0.4836618513336482,0.5163381486663517,0.5,0.016338148666351804
861,6,8,0.4836618513336482,0.5163381486663517,0.42857142857142855,0.05509042276221965
862,7,7,0.4836618513336482,0.5163381486663517,0.5,0.016338148666351804
863,7,7,0.4836618513336482,0.5163381486663517,0.5,0.016338148666351804
864,7,7,0.4836618513336482,0.5163381486663517,0.5,0.016338148666351804
865,7,7,0.4836618513336482,0.5163381486663517,0.5,0.016338148666351804
866,7,7,0.4836618513336482,0.5163381486663517,0.5,0.016338148666351804
867,7,7,0.4836618513336482,0.5163381486663517,0.5,0.016338148666351804
868,7,7,0.4836618513336482,0.5163381486663517,0.5,0.016338148666351804
869,7,7,0.4836618513336482,0.5163381486663517,0.5,0.016338148666351804
870,7,7,0.4836618513336482,0.5163381486663517,0.5,0.016338148666351804
871,6,8,0.4836618513336482,0.5163381486663517,0.42857142857142855,0.05509042276221965
872,6,8,0.4836618513336482,0.5163381486663517,0.42857142857142855,0.05509042276221965
873,6,8,0.4836618513336482,0.5163381486663517,0.42857142857142855,0.05509042276221965
874,6,8,0.4836618513336482,0.5163381486663517,0.42857142857142855,0.05509042276221965
875,7,7,0.4836618513336482,0.5163381486663517,0.5,0.016338148666351804
876,6,8,0.4836618513336482,0.5163381486663517,0.42857142857142855,0.05509042276221965
877,7,7,0.4836618513336482,0.5163381486663517,0.5,0.016338148666351804
878,6,8,0.4836618513336482,0.5163381486663517,0.42857142857142855,0.05509042276221965
879,7,7,0.4836618513336482,0.5163381486663517,0.5,0.016338148666351804
880,7,7,0.4836618513336482,0.5163381486663517,0.5,0.016338148666351804
881,6,8,0.4836618513336482,0.5163381486663517,0.42857142857142855,0.05509042276221965
882,6,8,0.4836618513336482,0.5163381486663517,0.42857142857142855,0.05509042276221965
883,6,8,0.4836618513336482,0.5163381486663517,0.42857142857142855,0.05509042276221965
884,6,8,0.4836618513336482,0.5163381486663517,0.42857142857142855,0.05509042276221965
885,7,7,0.4836618513336482,0.5163381486663517,0.5,0.016338148666351804
886,7,7,0.4836618513336482,0.5163381486663517,0.5,0.016338148666351804
887,7,7,0.4836618513336482,0.5163381486663517,0.5,0.016338148666351804
888,6,8,0.4836618513336482,0.5163381486663517,0.42857142857142855,0.05509042276221965
889,6,8,0.4836618513336482,0.5163381486663517,0.42857142857142855,0.05509042276221965
890,8,6,0.4836618513336482,0.5163381486663517,0.5714285714285714,0.0877667200949232
891,7,7,0.4836618513336482,0.5163381486663517,0.5,0.016338148666351804
892,7,7,0.4836618513336482,0.5163381486663517,0.5,0.016338148666351804
893,7,7,0.4836618513336482,0.5163381486663517,0.5,0.016338148666351804
894,6,8,0.4836618513336482,0.5163381486663517,0.42857142857142855,0.05509042276221965
895,6,8,0.4836618513336482,0.5163381486663517,0.42857142857142855,0.05509042276221965
896,7,7,0.4836618513336482,0.5163381486663517,0.5,0.016338148666351804
897,6,8,0.4836618513336482,0.5163381486663517,0.42857142857142855,0.05509042276221965
898,7,7,0.4836618513336482,0.5163381486663517,0.5,0.016338148666351804
899,7,7,0.4836618513336482,0.5163381486663517,0.5,0.016338148666351804
900,7,7,0.4836618513336482,0.5163381486663517,0.5,0.016338148666351804
901,8,6,0.4836618513336482,0.5163381486663517,0.5714285714285714,0.0877667200949232
902,8,6,0.4836618513336482,0.5163381486663517,0.5714285714285714,0.0877667200949232
903,7,7,0.4836618513336482,0.5163381486663517,0.5,0.016338148666351804
904,7,7,0.4836618513336482,0.5163381486663517,0.5,0.016338148666351804
905,6,8,0.4836618513336482,0.5163381486663517,0.42857142857142855,0.05509042276221965
906,8,6,0.4836618513336482,0.5163381486663517,0.5714285714285714,0.0877667200949232
907,7,7,0.4836618513336482,0.5163381486663517,0.5,0.016338148666351804
908,7,7,0.4836618513336482,0.5163381486663517,0.5,0.016338148666351804
909,7,7,0.4836618513336482,0.5163381486663517,0.5,0.016338148666351804
910,7,7,0.4836618513336482,0.5163381486663517,0.5,0.016338148666351804
911,7,7,0.4836618513336482,0.5163381486663517,0.5,0.016338148666351804
912,7,7,0.4836618513336482,0.5163381486663517,0.5,0.016338148666351804
913,7,7,0.4836618513336482,0.5163381486663517,0.5,0.016338148666351804
914,8,6,0.4836618513336482,0.5163381486663517,0.5714285714285714,0.0877667200949232
915,7,7,0.4836618513336482,0.5163381486663517,0.5,0.016338148666351804
916,7,7,0.4836618513336482,0.5163381486663517,0.5,0.016338148666351804
917,7,7,0.4836618513336482,0.5163381486663517,0.5,0.016338148666351804
918,7,7,0.4836618513336482,0.5163381486663517,0.5,0.016338148666351804
919,7,7,0.4836618513336482,0.5163381486663517,0.5,0.016338148666351804
920,6,8,0.4836618513336482,0.5163381486663517,0.42857142857142855,0.05509042276221965
921,7,7,0.4836618513336482,0.5163381486663517,0.5,0.016338148666351804
922,7,7,0.4836618513336482,0.5163381486663517,0.5,0.016338148666351804
923,7,7,0.4836618513336482,0.5163381486663517,0.5,0.016338148666351804
924,6,8,0.4836618513336482,0.5163381486663517,0.42857142857142855,0.05509042276221965
925,6,8,0.4836618513336482,0.5163381486663517,0.42857142857142855,0.05509042276221965
926,6,8,0.4836618513336482,0.5163381486663517,0.42857142857142855,0.05509042276221965
927,7,7,0.4836618513336482,0.5163381486663517,0.5,0.016338148666351804
928,8,6,0.4836618513336482,0.5163381486663517,0.5714285714285714,0.0877667200949232
929,6,8,0.4836618513336482,0.5163381486663517,0.42857142857142855,0.05509042276221965
930,7,7,0.4836618513336482,0.5163381486663517,0.5,0.016338148666351804
931,7,7,0.4836618513336482,0.5163381486663517,0.5,0.016338148666351804
932,6,8,0.4836618513336482,0.5163381486663517,0.42857142857142855,0.05509042276221965
933,8,6,0.4836618513336482,0.5163381486663517,0.5714285714285714,0.0877667200949232
934,7,7,0.4836618513336482,0.5163381486663517,0.5,0.016338148666351804
935,8,6,0.4836618513336482,0.5163381486663517,0.5714285714285714,0.0877667200949232
936,7,7,0.4836618513336482,0.5163381486663517,0.5,0.016338148666351804
937,7,7,0.4836618513336482,0.5163381486663517,0.5,0.016338148666351804
938,7,7,0.4836618513336482,0.5163381486663517,0.5,0.016338148666351804
939,7,7,0.4836618513336482,0.5163381486663517,0.5,0.016338148666351804
940,7,7,0.4836618513336482,0.5163381486663517,0.5,0.016338148666351804
941,7,7,0.4836618513336482,0.5163381486663517,0.5,0.016338148666351804
942,7,7,0.4836618513336482,0.5163381486663517,0.5,0.016338148666351804
943,6,8,0.4836618513336482,0.5163381486663517,0.42857142857142855,0.05509042276221965
944,6,8,0.4836618513336482,0.5163381486663517,0.42857142857142855,0.05509042276221965
945,6,8,0.4836618513336482,0.5163381486663517,0.42857142857142855,0.05509042276221965
946,6,8,0.4836618513336482,0.5163381486663517,0.42857142857142855,0.05509042276221965
947,6,8,0.4836618513336482,0.5163381486663517,0.42857142857142855,0.05509042276221965
948,6,8,0.4836618513336482,0.5163381486663517,0.42857142857142855,0.05509042276221965
949,6,8,0.4836618513336482,0.5163381486663517,0.42857142857142855,0.05509042276221965
950,6,8,0.4836618513336482,0.5163381486663517,0.42857142857142855,0.05509042276221965
951,6,8,0.4836618513336482,0.5163381486663517,0.42857142857142855,0.05509042276221965
952,6,8,0.4836618513336482,0.5163381486663517,0.42857142857142855,0.05509042276221965
953,7,7,0.4836618513336482,0.5163381486663517,0.5,0.016338148666351804
954,7,7,0.4836618513336482,0.5163381486663517,0.5,0.016338148666351804
955,7,7,0.4836618513336482,0.5163381486663517,0.5,0.016338148666351804
956,6,8,0.4836618513336482,0.5163381486663517,0.42857142857142855,0.05509042276221965
957,7,7,0.4836618513336482,0.5163381486663517,0.5,0.016338148666351804
958,7,7,0.4836618513336482,0.5163381486663517,0.5,0.016338148666351804
959,7,7,0.4836618513336482,0.5163381486663517,0.5,0.016338148666351804
960,6,8,0.4836618513336482,0.5163381486663517,0.42857142857142855,0.05509042276221965
961,6,8,0.4836618513336482,0.5163381486663517,0.42857142857142855,0.05509042276221965
962,7,7,0.4836618513336482,0.5163381486663517,0.5,0.016338148666351804
963,6,8,0.4836618513336482,0.5163381486663517,0.42857142857142855,0.05509042276221965
964,7,7,0.4836618513336482,0.5163381486663517,0.5,0.016338148666351804
965,6,8,0.4836618513336482,0.5163381486663517,0.42857142857142855,0.05509042276221965
966,6,8,0.4836618513336482,0.5163381486663517,0.42857142857142855,0.05509042276221965
967,7,7,0.4836618513336482,0.5163381486663517,0.5,0.016338148666351804
968,7,7,0.4836618513336482,0.5163381486663517,0.5,0.016338148666351804
969,7,7,0.4836618513336482,0.5163381486663517,0.5,0.016338148666351804
970,8,6,0.4836618513336482,0.5163381486663517,0.5714285714285714,0.0877667200949232
971,6,8,0.4836618513336482,0.5163381486663517,0.42857142857142855,0.05509042276221965
972,8,6,0.4836618513336482,0.5163381486663517,0.5714285714285714,0.0877667200949232
973,8,6,0.4836618513336482,0.5163381486663517,0.5714285714285714,0.0877667200949232
974,8,6,0.4836618513336482,0.5163381486663517,0.5714285714285714,0.0877667200949232
975,6,8,0.4836618513336482,0.5163381486663517,0.42857142857142855,0.05509042276221965
976,6,8,0.4836618513336482,0.5163381486663517,0.42857142857142855,0.05509042276221965
977,7,7,0.4836618513336482,0.5163381486663517,0.5,0.016338148666351804
978,6,8,0.4836618513336482,0.5163381486663517,0.42857142857142855,0.05509042276221965
979,6,8,0.4836618513336482,0.5163381486663517,0.42857142857142855,0.05509042276221965
980,6,8,0.4836618513336482,0.5163381486663517,0.42857142857142855,0.05509042276221965
981,7,7,0.4836618513336482,0.5163381486663517,0.5,0.016338148666351804
982,6,8,0.4836618513336482,0.5163381486663517,0.42857142857142855,0.05509042276221965
983,6,8,0.4836618513336482,0.5163381486663517,0.42857142857142855,0.05509042276221965
984,6,8,0.4836618513336482,0.5163381486663517,0.42857142857142855,0.05509042276221965
985,6,8,0.4836618513336482,0.5163381486663517,0.42857142857142855,0.05509042276221965
986,7,7,0.4836618513336482,0.5163381486663517,0.5,0.016338148666351804
987,7,7,0.4836618513336482,0.5163381486663517,0.5,0.016338148666351804
988,7,7,0.4836618513336482,0.5163381486663517,0.5,0.016338148666351804
989,7,7,0.4836618513336482,0.5163381486663517,0.5,0.016338148666351804
990,6,8,0.4836618513336482,0.5163381486663517,0.42857142857142855,0.05509042276221965
991,6,8,0.4836618513336482,0.5163381486663517,0.42857142857142855,0.05509042276221965
992,6,8,0.4836618513336482,0.5163381486663517,0.42857142857142855,0.05509042276221965
993,6,8,0.4836618513336482,0.5163381486663517,0.42857142857142855,0.05509042276221965
994,6,8,0.4836618513336482,0.5163381486663517,0.42857142857142855,0.05509042276221965
995,6,8,0.4836618513336482,0.5163381486663517,0.42857142857142855,0.05509042276221965
996,6,8,0.4836618513336482,0.5163381486663517,0.42857142857142855,0.05509042276221965
997,6,8,0.4836618513336482,0.5163381486663517,0.42857142857142855,0.05509042276221965
998,7,7,0.4836618513336482,0.5163381486663517,0.5,0.016338148666351804
999,7,7,0.4836618513336482,0.5163381486663517,0.5,0.016338148666351804
1000,6,8,0.4836618513336482,0.5163381486663517,0.42857142857142855,0.05509042276221965
