plan_id,dem_seats,rep_seats,dem_seat_share
1,5,9,0.35714285714285715
2,5,9,0.35714285714285715
3,5,9,0.35714285714285715
4,6,8,0.42857142857142855
5,6,8,0.42857142857142855
6,6,8,0.42857142857142855
7,6,8,0.42857142857142855
8,6,8,0.42857142857142855
9,7,7,0.5
10,6,8,0.42857142857142855
11,7,7,0.5
12,6,8,0.42857142857142855
13,6,8,0.42857142857142855
14,6,8,0.42857142857142855
15,6,8,0.42857142857142855
16,6,8,0.42857142857142855
17,6,8,0.42857142857142855
18,6,8,0.42857142857142855
19,6,8,0.42857142857142855
20,6,8,0.42857142857142855
21,6,8,0.42857142857142855
22,6,8,0.42857142857142855
23,6,8,0.42857142857142855
24,6,8,0.42857142857142855
25,6,8,0.42857142857142855
26,6,8,0.42857142857142855
27,6,8,0.42857142857142855
28,6,8,0.42857142857142855
29,6,8,0.42857142857142855
30,6,8,0.42857142857142855
31,6,8,0.42857142857142855
32,6,8,0.42857142857142855
33,6,8,0.42857142857142855
34,6,8,0.42857142857142855
35,6,8,0.42857142857142855
36,6,8,0.42857142857142855
37,6,8,0.42857142857142855
38,6,8,0.42857142857142855
39,6,8,0.42857142857142855
40,6,8,0.42857142857142855
41,6,8,0.42857142857142855
42,6,8,0.42857142857142855
43,6,8,0.42857142857142855
44,6,8,0.42857142857142855
45,6,8,0.42857142857142855
46,6,8,0.42857142857142855
47,6,8,0.42857142857142855
48,6,8,0.42857142857142855
49,6,8,0.42857142857142855
50,6,8,0.42857142857142855
51,6,8,0.42857142857142855
52,6,8,0.42857142857142855
53,6,8,0.42857142857142855
54,6,8,0.42857142857142855
55,6,8,0.42857142857142855
56,6,8,0.42857142857142855
57,6,8,0.42857142857142855
58,6,8,0.42857142857142855
59,6,8,0.42857142857142855
60,6,8,0.42857142857142855
61,6,8,0.42857142857142855
62,6,8,0.42857142857142855
63,6,8,0.42857142857142855
64,6,8,0.42857142857142855
65,6,8,0.42857142857142855
66,6,8,0.42857142857142855
67,6,8,0.42857142857142855
68,6,8,0.42857142857142855
69,6,8,0.42857142857142855
70,6,8,0.42857142857142855
71,6,8,0.42857142857142855
72,6,8,0.42857142857142855
73,6,8,0.42857142857142855
74,6,8,0.42857142857142855
75,6,8,0.42857142857142855
76,6,8,0.42857142857142855
77,6,8,0.42857142857142855
78,6,8,0.42857142857142855
79,6,8,0.42857142857142855
80,6,8,0.42857142857142855
81,6,8,0.42857142857142855
82,6,8,0.42857142857142855
83,5,9,0.35714285714285715
84,5,9,0.35714285714285715
85,5,9,0.35714285714285715
86,5,9,0.35714285714285715
87,5,9,0.35714285714285715
88,6,8,0.42857142857142855
89,6,8,0.42857142857142855
90,6,8,0.42857142857142855
91,6,8,0.42857142857142855
92,6,8,0.42857142857142855
93,6,8,0.42857142857142855
94,6,8,0.42857142857142855
95,6,8,0.42857142857142855
96,6,8,0.42857142857142855
97,6,8,0.42857142857142855
98,6,8,0.42857142857142855
99,6,8,0.42857142857142855
100,6,8,0.42857142857142855
101,6,8,0.42857142857142855
102,5,9,0.35714285714285715
103,6,8,0.42857142857142855
104,6,8,0.42857142857142855
105,6,8,0.42857142857142855
106,6,8,0.42857142857142855
107,6,8,0.42857142857142855
108,6,8,0.42857142857142855
109,6,8,0.42857142857142855
110,6,8,0.42857142857142855
111,6,8,0.42857142857142855
112,6,8,0.42857142857142855
113,5,9,0.35714285714285715
114,5,9,0.35714285714285715
115,5,9,0.35714285714285715
116,5,9,0.35714285714285715
117,5,9,0.35714285714285715
118,5,9,0.35714285714285715
119,5,9,0.35714285714285715
120,5,9,0.35714285714285715
121,5,9,0.35714285714285715
122,5,9,0.35714285714285715
123,6,8,0.42857142857142855
124,6,8,0.42857142857142855
125,6,8,0.42857142857142855
126,6,8,0.42857142857142855
127,7,7,0.5
128,7,7,0.5
129,7,7,0.5
130,7,7,0.5
131,6,8,0.42857142857142855
132,5,9,0.35714285714285715
133,5,9,0.35714285714285715
134,5,9,0.35714285714285715
135,5,9,0.35714285714285715
136,5,9,0.35714285714285715
137,6,8,0.42857142857142855
138,6,8,0.42857142857142855
139,6,8,0.42857142857142855
140,6,8,0.42857142857142855
141,6,8,0.42857142857142855
142,6,8,0.42857142857142855
143,6,8,0.42857142857142855
144,6,8,0.42857142857142855
145,6,8,0.42857142857142855
146,6,8,0.42857142857142855
147,6,8,0.42857142857142855
148,6,8,0.42857142857142855
149,6,8,0.42857142857142855
150,6,8,0.42857142857142855
151,6,8,0.42857142857142855
152,6,8,0.42857142857142855
153,6,8,0.42857142857142855
154,6,8,0.42857142857142855
155,6,8,0.42857142857142855
156,6,8,0.42857142857142855
157,6,8,0.42857142857142855
158,6,8,0.42857142857142855
159,6,8,0.42857142857142855
160,6,8,0.42857142857142855
161,6,8,0.42857142857142855
162,6,8,0.42857142857142855
163,6,8,0.42857142857142855
164,6,8,0.42857142857142855
165,6,8,0.42857142857142855
166,6,8,0.42857142857142855
167,6,8,0.42857142857142855
168,6,8,0.42857142857142855
169,5,9,0.35714285714285715
170,5,9,0.35714285714285715
171,5,9,0.35714285714285715
172,5,9,0.35714285714285715
173,5,9,0.35714285714285715
174,5,9,0.35714285714285715
175,6,8,0.42857142857142855
176,6,8,0.42857142857142855
177,6,8,0.42857142857142855
178,6,8,0.42857142857142855
179,6,8,0.42857142857142855
180,6,8,0.42857142857142855
181,6,8,0.42857142857142855
182,6,8,0.42857142857142855
183,6,8,0.42857142857142855
184,6,8,0.42857142857142855
185,6,8,0.42857142857142855
186,6,8,0.42857142857142855
187,6,8,0.42857142857142855
188,6,8,0.42857142857142855
189,6,8,0.42857142857142855
190,6,8,0.42857142857142855
191,6,8,0.42857142857142855
192,6,8,0.42857142857142855
193,6,8,0.42857142857142855
194,6,8,0.42857142857142855
195,6,8,0.42857142857142855
196,6,8,0.42857142857142855
197,6,8,0.42857142857142855
198,5,9,0.35714285714285715
199,5,9,0.35714285714285715
200,6,8,0.42857142857142855
201,6,8,0.42857142857142855
202,6,8,0.42857142857142855
203,6,8,0.42857142857142855
204,6,8,0.42857142857142855
205,6,8,0.42857142857142855
206,6,8,0.42857142857142855
207,6,8,0.42857142857142855
208,6,8,0.42857142857142855
209,6,8,0.42857142857142855
210,6,8,0.42857142857142855
211,6,8,0.42857142857142855
212,6,8,0.42857142857142855
213,6,8,0.42857142857142855
214,6,8,0.42857142857142855
215,6,8,0.42857142857142855
216,6,8,0.42857142857142855
217,6,8,0.42857142857142855
218,6,8,0.42857142857142855
219,6,8,0.42857142857142855
220,6,8,0.42857142857142855
221,6,8,0.42857142857142855
222,6,8,0.42857142857142855
223,6,8,0.42857142857142855
224,6,8,0.42857142857142855
225,6,8,0.42857142857142855
226,6,8,0.42857142857142855
227,6,8,0.42857142857142855
228,6,8,0.42857142857142855
229,6,8,0.42857142857142855
230,6,8,0.42857142857142855
231,6,8,0.42857142857142855
232,6,8,0.42857142857142855
233,6,8,0.42857142857142855
234,6,8,0.42857142857142855
235,6,8,0.42857142857142855
236,6,8,0.42857142857142855
237,6,8,0.42857142857142855
238,6,8,0.42857142857142855
239,6,8,0.42857142857142855
240,6,8,0.42857142857142855
241,6,8,0.42857142857142855
242,6,8,0.42857142857142855
243,6,8,0.42857142857142855
244,6,8,0.42857142857142855
245,6,8,0.42857142857142855
246,6,8,0.42857142857142855
247,6,8,0.42857142857142855
248,6,8,0.42857142857142855
249,6,8,0.42857142857142855
250,6,8,0.42857142857142855
251,6,8,0.42857142857142855
252,6,8,0.42857142857142855
253,6,8,0.42857142857142855
254,6,8,0.42857142857142855
255,5,9,0.35714285714285715
256,5,9,0.35714285714285715
257,5,9,0.35714285714285715
258,5,9,0.35714285714285715
259,5,9,0.35714285714285715
260,5,9,0.35714285714285715
261,5,9,0.35714285714285715
262,5,9,0.35714285714285715
263,5,9,0.35714285714285715
264,5,9,0.35714285714285715
265,5,9,0.35714285714285715
266,5,9,0.35714285714285715
267,5,9,0.35714285714285715
268,5,9,0.35714285714285715
269,5,9,0.35714285714285715
270,5,9,0.35714285714285715
271,5,9,0.35714285714285715
272,5,9,0.35714285714285715
273,5,9,0.35714285714285715
274,5,9,0.35714285714285715
275,5,9,0.35714285714285715
276,5,9,0.35714285714285715
277,6,8,0.42857142857142855
278,6,8,0.42857142857142855
279,6,8,0.42857142857142855
280,6,8,0.42857142857142855
281,6,8,0.42857142857142855
282,6,8,0.42857142857142855
283,6,8,0.42857142857142855
284,6,8,0.42857142857142855
285,6,8,0.42857142857142855
286,6,8,0.42857142857142855
287,6,8,0.42857142857142855
288,6,8,0.42857142857142855
289,6,8,0.42857142857142855
290,6,8,0.42857142857142855
291,6,8,0.42857142857142855
292,6,8,0.42857142857142855
293,6,8,0.42857142857142855
294,6,8,0.42857142857142855
295,6,8,0.42857142857142855
296,6,8,0.42857142857142855
297,6,8,0.42857142857142855
298,6,8,0.42857142857142855
299,6,8,0.42857142857142855
300,6,8,0.42857142857142855
301,6,8,0.42857142857142855
302,6,8,0.42857142857142855
303,6,8,0.42857142857142855
304,6,8,0.42857142857142855
305,5,9,0.35714285714285715
306,5,9,0.35714285714285715
307,5,9,0.35714285714285715
308,5,9,0.35714285714285715
309,5,9,0.35714285714285715
310,5,9,0.35714285714285715
311,5,9,0.35714285714285715
312,5,9,0.35714285714285715
313,6,8,0.42857142857142855
314,6,8,0.42857142857142855
315,6,8,0.42857142857142855
316,5,9,0.35714285714285715
317,5,9,0.35714285714285715
318,5,9,0.35714285714285715
319,5,9,0.35714285714285715
320,6,8,0.42857142857142855
321,7,7,0.5
322,6,8,0.42857142857142855
323,6,8,0.42857142857142855
324,5,9,0.35714285714285715
325,5,9,0.35714285714285715
326,5,9,0.35714285714285715
327,5,9,0.35714285714285715
328,5,9,0.35714285714285715
329,6,8,0.42857142857142855
330,6,8,0.42857142857142855
331,6,8,0.42857142857142855
332,6,8,0.42857142857142855
333,6,8,0.42857142857142855
334,6,8,0.42857142857142855
335,6,8,0.42857142857142855
336,6,8,0.42857142857142855
337,6,8,0.42857142857142855
338,6,8,0.42857142857142855
339,6,8,0.42857142857142855
340,6,8,0.42857142857142855
341,6,8,0.42857142857142855
342,6,8,0.42857142857142855
343,6,8,0.42857142857142855
344,6,8,0.42857142857142855
345,6,8,0.42857142857142855
346,6,8,0.42857142857142855
347,6,8,0.42857142857142855
348,6,8,0.42857142857142855
349,7,7,0.5
350,7,7,0.5
351,7,7,0.5
352,7,7,0.5
353,7,7,0.5
354,6,8,0.42857142857142855
355,6,8,0.42857142857142855
356,6,8,0.42857142857142855
357,6,8,0.42857142857142855
358,6,8,0.42857142857142855
359,7,7,0.5
360,6,8,0.42857142857142855
361,6,8,0.42857142857142855
362,6,8,0.42857142857142855
363,6,8,0.42857142857142855
364,5,9,0.35714285714285715
365,5,9,0.35714285714285715
366,5,9,0.35714285714285715
367,5,9,0.35714285714285715
368,5,9,0.35714285714285715
369,5,9,0.35714285714285715
370,5,9,0.35714285714285715
371,5,9,0.35714285714285715
372,5,9,0.35714285714285715
373,5,9,0.35714285714285715
374,5,9,0.35714285714285715
375,5,9,0.35714285714285715
376,5,9,0.35714285714285715
377,6,8,0.42857142857142855
378,6,8,0.42857142857142855
379,6,8,0.42857142857142855
380,6,8,0.42857142857142855
381,6,8,0.42857142857142855
382,6,8,0.42857142857142855
383,6,8,0.42857142857142855
384,6,8,0.42857142857142855
385,6,8,0.42857142857142855
386,6,8,0.42857142857142855
387,6,8,0.42857142857142855
388,6,8,0.42857142857142855
389,6,8,0.42857142857142855
390,6,8,0.42857142857142855
391,6,8,0.42857142857142855
392,6,8,0.42857142857142855
393,6,8,0.42857142857142855
394,5,9,0.35714285714285715
395,5,9,0.35714285714285715
396,5,9,0.35714285714285715
397,5,9,0.35714285714285715
398,5,9,0.35714285714285715
399,5,9,0.35714285714285715
400,5,9,0.35714285714285715
401,5,9,0.35714285714285715
402,5,9,0.35714285714285715
403,5,9,0.35714285714285715
404,5,9,0.35714285714285715
405,5,9,0.35714285714285715
406,5,9,0.35714285714285715
407,5,9,0.35714285714285715
408,5,9,0.35714285714285715
409,5,9,0.35714285714285715
410,5,9,0.35714285714285715
411,5,9,0.35714285714285715
412,5,9,0.35714285714285715
413,5,9,0.35714285714285715
414,5,9,0.35714285714285715
415,5,9,0.35714285714285715
416,5,9,0.35714285714285715
417,5,9,0.35714285714285715
418,5,9,0.35714285714285715
419,4,10,0.2857142857142857
420,4,10,0.2857142857142857
421,4,10,0.2857142857142857
422,4,10,0.2857142857142857
423,5,9,0.35714285714285715
424,5,9,0.35714285714285715
425,5,9,0.35714285714285715
426,5,9,0.35714285714285715
427,5,9,0.35714285714285715
428,5,9,0.35714285714285715
429,5,9,0.35714285714285715
430,5,9,0.35714285714285715
431,5,9,0.35714285714285715
432,5,9,0.35714285714285715
433,5,9,0.35714285714285715
434,5,9,0.35714285714285715
435,5,9,0.35714285714285715
436,5,9,0.35714285714285715
437,5,9,0.35714285714285715
438,5,9,0.35714285714285715
439,5,9,0.35714285714285715
440,5,9,0.35714285714285715
441,5,9,0.35714285714285715
442,5,9,0.35714285714285715
443,6,8,0.42857142857142855
444,6,8,0.42857142857142855
445,6,8,0.42857142857142855
446,5,9,0.35714285714285715
447,6,8,0.42857142857142855
448,6,8,0.42857142857142855
449,6,8,0.42857142857142855
450,6,8,0.42857142857142855
451,7,7,0.5
452,7,7,0.5
453,6,8,0.42857142857142855
454,6,8,0.42857142857142855
455,6,8,0.42857142857142855
456,6,8,0.42857142857142855
457,6,8,0.42857142857142855
458,5,9,0.35714285714285715
459,5,9,0.35714285714285715
460,5,9,0.35714285714285715
461,5,9,0.35714285714285715
462,4,10,0.2857142857142857
463,4,10,0.2857142857142857
464,4,10,0.2857142857142857
465,4,10,0.2857142857142857
466,4,10,0.2857142857142857
467,4,10,0.2857142857142857
468,4,10,0.2857142857142857
469,5,9,0.35714285714285715
470,5,9,0.35714285714285715
471,5,9,0.35714285714285715
472,5,9,0.35714285714285715
473,5,9,0.35714285714285715
474,5,9,0.35714285714285715
475,5,9,0.35714285714285715
476,5,9,0.35714285714285715
477,5,9,0.35714285714285715
478,5,9,0.35714285714285715
479,5,9,0.35714285714285715
480,5,9,0.35714285714285715
481,5,9,0.35714285714285715
482,5,9,0.35714285714285715
483,5,9,0.35714285714285715
484,5,9,0.35714285714285715
485,5,9,0.35714285714285715
486,5,9,0.35714285714285715
487,5,9,0.35714285714285715
488,6,8,0.42857142857142855
489,6,8,0.42857142857142855
490,6,8,0.42857142857142855
491,5,9,0.35714285714285715
492,5,9,0.35714285714285715
493,5,9,0.35714285714285715
494,5,9,0.35714285714285715
495,5,9,0.35714285714285715
496,5,9,0.35714285714285715
497,5,9,0.35714285714285715
498,5,9,0.35714285714285715
499,5,9,0.35714285714285715
500,5,9,0.35714285714285715
501,5,9,0.35714285714285715
502,5,9,0.35714285714285715
503,5,9,0.35714285714285715
504,5,9,0.35714285714285715
505,5,9,0.35714285714285715
506,5,9,0.35714285714285715
507,5,9,0.35714285714285715
508,5,9,0.35714285714285715
509,4,10,0.2857142857142857
510,4,10,0.2857142857142857
511,5,9,0.35714285714285715
512,5,9,0.35714285714285715
513,5,9,0.35714285714285715
514,5,9,0.35714285714285715
515,5,9,0.35714285714285715
516,5,9,0.35714285714285715
517,5,9,0.35714285714285715
518,5,9,0.35714285714285715
519,5,9,0.35714285714285715
520,5,9,0.35714285714285715
521,5,9,0.35714285714285715
522,5,9,0.35714285714285715
523,6,8,0.42857142857142855
524,6,8,0.42857142857142855
525,6,8,0.42857142857142855
526,6,8,0.42857142857142855
527,6,8,0.42857142857142855
528,6,8,0.42857142857142855
529,6,8,0.42857142857142855
530,6,8,0.42857142857142855
531,6,8,0.42857142857142855
532,6,8,0.42857142857142855
533,6,8,0.42857142857142855
534,6,8,0.42857142857142855
535,6,8,0.42857142857142855
536,6,8,0.42857142857142855
537,6,8,0.42857142857142855
538,6,8,0.42857142857142855
539,6,8,0.42857142857142855
540,6,8,0.42857142857142855
541,6,8,0.42857142857142855
542,6,8,0.42857142857142855
543,6,8,0.42857142857142855
544,6,8,0.42857142857142855
545,6,8,0.42857142857142855
546,6,8,0.42857142857142855
547,6,8,0.42857142857142855
548,6,8,0.42857142857142855
549,6,8,0.42857142857142855
550,6,8,0.42857142857142855
551,6,8,0.42857142857142855
552,6,8,0.42857142857142855
553,6,8,0.42857142857142855
554,6,8,0.42857142857142855
555,6,8,0.42857142857142855
556,6,8,0.42857142857142855
557,6,8,0.42857142857142855
558,6,8,0.42857142857142855
559,6,8,0.42857142857142855
560,6,8,0.42857142857142855
561,6,8,0.42857142857142855
562,6,8,0.42857142857142855
563,6,8,0.42857142857142855
564,6,8,0.42857142857142855
565,6,8,0.42857142857142855
566,6,8,0.42857142857142855
567,6,8,0.42857142857142855
568,6,8,0.42857142857142855
569,6,8,0.42857142857142855
570,6,8,0.42857142857142855
571,6,8,0.42857142857142855
572,6,8,0.42857142857142855
573,6,8,0.42857142857142855
574,6,8,0.42857142857142855
575,6,8,0.42857142857142855
576,6,8,0.42857142857142855
577,6,8,0.42857142857142855
578,6,8,0.42857142857142855
579,6,8,0.42857142857142855
580,6,8,0.42857142857142855
581,6,8,0.42857142857142855
582,6,8,0.42857142857142855
583,6,8,0.42857142857142855
584,6,8,0.42857142857142855
585,6,8,0.42857142857142855
586,6,8,0.42857142857142855
587,6,8,0.42857142857142855
588,6,8,0.42857142857142855
589,6,8,0.42857142857142855
590,5,9,0.35714285714285715
591,5,9,0.35714285714285715
592,6,8,0.42857142857142855
593,6,8,0.42857142857142855
594,6,8,0.42857142857142855
595,6,8,0.42857142857142855
596,6,8,0.42857142857142855
597,6,8,0.42857142857142855
598,6,8,0.42857142857142855
599,6,8,0.42857142857142855
600,6,8,0.42857142857142855
601,6,8,0.42857142857142855
602,6,8,0.42857142857142855
603,6,8,0.42857142857142855
604,6,8,0.42857142857142855
605,6,8,0.42857142857142855
606,6,8,0.42857142857142855
607,6,8,0.42857142857142855
608,6,8,0.42857142857142855
609,6,8,0.42857142857142855
610,6,8,0.42857142857142855
611,6,8,0.42857142857142855
612,6,8,0.42857142857142855
613,5,9,0.35714285714285715
614,5,9,0.35714285714285715
615,5,9,0.35714285714285715
616,5,9,0.35714285714285715
617,5,9,0.35714285714285715
618,5,9,0.35714285714285715
619,5,9,0.35714285714285715
620,6,8,0.42857142857142855
621,5,9,0.35714285714285715
622,5,9,0.35714285714285715
623,5,9,0.35714285714285715
624,5,9,0.35714285714285715
625,5,9,0.35714285714285715
626,5,9,0.35714285714285715
627,5,9,0.35714285714285715
628,5,9,0.35714285714285715
629,5,9,0.35714285714285715
630,5,9,0.35714285714285715
631,5,9,0.35714285714285715
632,5,9,0.35714285714285715
633,5,9,0.35714285714285715
634,5,9,0.35714285714285715
635,5,9,0.35714285714285715
636,5,9,0.35714285714285715
637,5,9,0.35714285714285715
638,5,9,0.35714285714285715
639,5,9,0.35714285714285715
640,5,9,0.35714285714285715
641,5,9,0.35714285714285715
642,5,9,0.35714285714285715
643,5,9,0.35714285714285715
644,5,9,0.35714285714285715
645,5,9,0.35714285714285715
646,5,9,0.35714285714285715
647,5,9,0.35714285714285715
648,5,9,0.35714285714285715
649,5,9,0.35714285714285715
650,5,9,0.35714285714285715
651,5,9,0.35714285714285715
652,5,9,0.35714285714285715
653,5,9,0.35714285714285715
654,5,9,0.35714285714285715
655,5,9,0.35714285714285715
656,5,9,0.35714285714285715
657,5,9,0.35714285714285715
658,5,9,0.35714285714285715
659,5,9,0.35714285714285715
660,5,9,0.35714285714285715
661,6,8,0.42857142857142855
662,6,8,0.42857142857142855
663,6,8,0.42857142857142855
664,6,8,0.42857142857142855
665,6,8,0.42857142857142855
666,6,8,0.42857142857142855
667,6,8,0.42857142857142855
668,6,8,0.42857142857142855
669,6,8,0.42857142857142855
670,6,8,0.42857142857142855
671,6,8,0.42857142857142855
672,6,8,0.42857142857142855
673,6,8,0.42857142857142855
674,6,8,0.42857142857142855
675,6,8,0.42857142857142855
676,6,8,0.42857142857142855
677,6,8,0.42857142857142855
678,6,8,0.42857142857142855
679,6,8,0.42857142857142855
680,6,8,0.42857142857142855
681,6,8,0.42857142857142855
682,6,8,0.42857142857142855
683,6,8,0.42857142857142855
684,6,8,0.42857142857142855
685,6,8,0.42857142857142855
686,6,8,0.42857142857142855
687,6,8,0.42857142857142855
688,6,8,0.42857142857142855
689,6,8,0.42857142857142855
690,6,8,0.42857142857142855
691,6,8,0.42857142857142855
692,6,8,0.42857142857142855
693,6,8,0.42857142857142855
694,6,8,0.42857142857142855
695,6,8,0.42857142857142855
696,6,8,0.42857142857142855
697,6,8,0.42857142857142855
698,6,8,0.42857142857142855
699,6,8,0.42857142857142855
700,5,9,0.35714285714285715
701,5,9,0.35714285714285715
702,5,9,0.35714285714285715
703,5,9,0.35714285714285715
704,5,9,0.35714285714285715
705,5,9,0.35714285714285715
706,5,9,0.35714285714285715
707,5,9,0.35714285714285715
708,5,9,0.35714285714285715
709,5,9,0.35714285714285715
710,5,9,0.35714285714285715
711,5,9,0.35714285714285715
712,5,9,0.35714285714285715
713,5,9,0.35714285714285715
714,5,9,0.35714285714285715
715,5,9,0.35714285714285715
716,5,9,0.35714285714285715
717,5,9,0.35714285714285715
718,5,9,0.35714285714285715
719,5,9,0.35714285714285715
720,5,9,0.35714285714285715
721,5,9,0.35714285714285715
722,5,9,0.35714285714285715
723,5,9,0.35714285714285715
724,5,9,0.35714285714285715
725,5,9,0.35714285714285715
726,5,9,0.35714285714285715
727,5,9,0.35714285714285715
728,5,9,0.35714285714285715
729,5,9,0.35714285714285715
730,5,9,0.35714285714285715
731,5,9,0.35714285714285715
732,5,9,0.35714285714285715
733,5,9,0.35714285714285715
734,5,9,0.35714285714285715
735,5,9,0.35714285714285715
736,5,9,0.35714285714285715
737,4,10,0.2857142857142857
738,4,10,0.2857142857142857
739,4,10,0.2857142857142857
740,4,10,0.2857142857142857
741,5,9,0.35714285714285715
742,5,9,0.35714285714285715
743,5,9,0.35714285714285715
744,5,9,0.35714285714285715
745,5,9,0.35714285714285715
746,5,9,0.35714285714285715
747,5,9,0.35714285714285715
748,4,10,0.2857142857142857
749,5,9,0.35714285714285715
750,5,9,0.35714285714285715
751,5,9,0.35714285714285715
752,4,10,0.2857142857142857
753,4,10,0.2857142857142857
754,4,10,0.2857142857142857
755,4,10,0.2857142857142857
756,4,10,0.2857142857142857
757,5,9,0.35714285714285715
758,5,9,0.35714285714285715
759,5,9,0.35714285714285715
760,5,9,0.35714285714285715
761,5,9,0.35714285714285715
762,5,9,0.35714285714285715
763,5,9,0.35714285714285715
764,5,9,0.35714285714285715
765,5,9,0.35714285714285715
766,5,9,0.35714285714285715
767,4,10,0.2857142857142857
768,4,10,0.2857142857142857
769,4,10,0.2857142857142857
770,4,10,0.2857142857142857
771,4,10,0.2857142857142857
772,4,10,0.2857142857142857
773,4,10,0.2857142857142857
774,4,10,0.2857142857142857
775,4,10,0.2857142857142857
776,4,10,0.2857142857142857
777,4,10,0.2857142857142857
778,5,9,0.35714285714285715
779,5,9,0.35714285714285715
780,5,9,0.35714285714285715
781,5,9,0.35714285714285715
782,5,9,0.35714285714285715
783,5,9,0.35714285714285715
784,5,9,0.35714285714285715
785,5,9,0.35714285714285715
786,5,9,0.35714285714285715
787,5,9,0.35714285714285715
788,4,10,0.2857142857142857
789,4,10,0.2857142857142857
790,5,9,0.35714285714285715
791,5,9,0.35714285714285715
792,6,8,0.42857142857142855
793,6,8,0.42857142857142855
794,6,8,0.42857142857142855
795,6,8,0.42857142857142855
796,6,8,0.42857142857142855
797,6,8,0.42857142857142855
798,6,8,0.42857142857142855
799,5,9,0.35714285714285715
800,5,9,0.35714285714285715
801,5,9,0.35714285714285715
802,5,9,0.35714285714285715
803,5,9,0.35714285714285715
804,5,9,0.35714285714285715
805,5,9,0.35714285714285715
806,5,9,0.35714285714285715
807,5,9,0.35714285714285715
808,5,9,0.35714285714285715
809,5,9,0.35714285714285715
810,5,9,0.35714285714285715
811,5,9,0.35714285714285715
812,5,9,0.35714285714285715
813,5,9,0.35714285714285715
814,5,9,0.35714285714285715
815,5,9,0.35714285714285715
816,5,9,0.35714285714285715
817,5,9,0.35714285714285715
818,5,9,0.35714285714285715
819,5,9,0.35714285714285715
820,5,9,0.35714285714285715
821,5,9,0.35714285714285715
822,5,9,0.35714285714285715
823,5,9,0.35714285714285715
824,5,9,0.35714285714285715
825,5,9,0.35714285714285715
826,5,9,0.35714285714285715
827,5,9,0.35714285714285715
828,5,9,0.35714285714285715
829,5,9,0.35714285714285715
830,5,9,0.35714285714285715
831,5,9,0.35714285714285715
832,5,9,0.35714285714285715
833,5,9,0.35714285714285715
834,5,9,0.35714285714285715
835,5,9,0.35714285714285715
836,5,9,0.35714285714285715
837,5,9,0.35714285714285715
838,5,9,0.35714285714285715
839,5,9,0.35714285714285715
840,6,8,0.42857142857142855
841,6,8,0.42857142857142855
842,6,8,0.42857142857142855
843,6,8,0.42857142857142855
844,6,8,0.42857142857142855
845,5,9,0.35714285714285715
846,5,9,0.35714285714285715
847,5,9,0.35714285714285715
848,5,9,0.35714285714285715
849,5,9,0.35714285714285715
850,5,9,0.35714285714285715
851,5,9,0.35714285714285715
852,5,9,0.35714285714285715
853,5,9,0.35714285714285715
854,5,9,0.35714285714285715
855,5,9,0.35714285714285715
856,5,9,0.35714285714285715
857,5,9,0.35714285714285715
858,5,9,0.35714285714285715
859,5,9,0.35714285714285715
860,5,9,0.35714285714285715
861,5,9,0.35714285714285715
862,5,9,0.35714285714285715
863,5,9,0.35714285714285715
864,5,9,0.35714285714285715
865,5,9,0.35714285714285715
866,5,9,0.35714285714285715
867,5,9,0.35714285714285715
868,5,9,0.35714285714285715
869,6,8,0.42857142857142855
870,6,8,0.42857142857142855
871,6,8,0.42857142857142855
872,6,8,0.42857142857142855
873,6,8,0.42857142857142855
874,6,8,0.42857142857142855
875,6,8,0.42857142857142855
876,6,8,0.42857142857142855
877,6,8,0.42857142857142855
878,6,8,0.42857142857142855
879,6,8,0.42857142857142855
880,6,8,0.42857142857142855
881,6,8,0.42857142857142855
882,6,8,0.42857142857142855
883,6,8,0.42857142857142855
884,6,8,0.42857142857142855
885,6,8,0.42857142857142855
886,6,8,0.42857142857142855
887,6,8,0.42857142857142855
888,6,8,0.42857142857142855
889,6,8,0.42857142857142855
890,6,8,0.42857142857142855
891,5,9,0.35714285714285715
892,5,9,0.35714285714285715
893,5,9,0.35714285714285715
894,5,9,0.35714285714285715
895,5,9,0.35714285714285715
896,5,9,0.35714285714285715
897,5,9,0.35714285714285715
898,5,9,0.35714285714285715
899,5,9,0.35714285714285715
900,5,9,0.35714285714285715
901,5,9,0.35714285714285715
902,5,9,0.35714285714285715
903,5,9,0.35714285714285715
904,5,9,0.35714285714285715
905,5,9,0.35714285714285715
906,5,9,0.35714285714285715
907,5,9,0.35714285714285715
908,5,9,0.35714285714285715
909,5,9,0.35714285714285715
910,5,9,0.35714285714285715
911,5,9,0.35714285714285715
912,5,9,0.35714285714285715
913,5,9,0.35714285714285715
914,5,9,0.35714285714285715
915,5,9,0.35714285714285715
916,5,9,0.35714285714285715
917,5,9,0.35714285714285715
918,5,9,0.35714285714285715
919,5,9,0.35714285714285715
920,5,9,0.35714285714285715
921,5,9,0.35714285714285715
922,5,9,0.35714285714285715
923,5,9,0.35714285714285715
924,5,9,0.35714285714285715
925,6,8,0.42857142857142855
926,6,8,0.42857142857142855
927,6,8,0.42857142857142855
928,6,8,0.42857142857142855
929,6,8,0.42857142857142855
930,6,8,0.42857142857142855
931,6,8,0.42857142857142855
932,6,8,0.42857142857142855
933,6,8,0.42857142857142855
934,6,8,0.42857142857142855
935,6,8,0.42857142857142855
936,5,9,0.35714285714285715
937,5,9,0.35714285714285715
938,5,9,0.35714285714285715
939,5,9,0.35714285714285715
940,6,8,0.42857142857142855
941,6,8,0.42857142857142855
942,6,8,0.42857142857142855
943,6,8,0.42857142857142855
944,6,8,0.42857142857142855
945,6,8,0.42857142857142855
946,6,8,0.42857142857142855
947,6,8,0.42857142857142855
948,6,8,0.42857142857142855
949,6,8,0.42857142857142855
950,6,8,0.42857142857142855
951,6,8,0.42857142857142855
952,6,8,0.42857142857142855
953,6,8,0.42857142857142855
954,6,8,0.42857142857142855
955,6,8,0.42857142857142855
956,6,8,0.42857142857142855
957,6,8,0.42857142857142855
958,6,8,0.42857142857142855
959,6,8,0.42857142857142855
960,6,8,0.42857142857142855
961,6,8,0.42857142857142855
962,6,8,0.42857142857142855
963,6,8,0.42857142857142855
964,6,8,0.42857142857142855
965,6,8,0.42857142857142855
966,6,8,0.42857142857142855
967,6,8,0.42857142857142855
968,6,8,0.42857142857142855
969,6,8,0.42857142857142855
970,6,8,0.42857142857142855
971,6,8,0.42857142857142855
972,6,8,0.42857142857142855
973,6,8,0.42857142857142855
974,6,8,0.42857142857142855
975,6,8,0.42857142857142855
976,6,8,0.42857142857142855
977,6,8,0.42857142857142855
978,6,8,0.42857142857142855
979,6,8,0.42857142857142855
980,6,8,0.42857142857142855
981,6,8,0.42857142857142855
982,6,8,0.42857142857142855
983,6,8,0.42857142857142855
984,6,8,0.42857142857142855
985,6,8,0.42857142857142855
986,6,8,0.42857142857142855
987,6,8,0.42857142857142855
988,6,8,0.42857142857142855
989,6,8,0.42857142857142855
990,6,8,0.42857142857142855
991,6,8,0.42857142857142855
992,6,8,0.42857142857142855
993,6,8,0.42857142857142855
994,6,8,0.42857142857142855
995,6,8,0.42857142857142855
996,6,8,0.42857142857142855
997,6,8,0.42857142857142855
998,6,8,0.42857142857142855
999,6,8,0.42857142857142855
1000,6,8,0.42857142857142855
